{"type":"FeatureCollection","_source":"vatsimnetwork/vatspy-data-project (CC BY-SA 4.0)","uirs":[{"id":"BALT","name":"Baltic Control","firs":["EYVL","EVRR","EETT"]},{"id":"EUC-EN","name":"Eurocontrol","firs":["EPWW","LKAA","LZBB","LHCC"]},{"id":"EUC-ES","name":"Eurocontrol","firs":["LIPP","LJLA","LDZO"]},{"id":"EUC-ME","name":"Maastricht","firs":["EDWW-BOR","EDMM","EDGG-BAD","EDGG-DKB","EDGG-GIN","EDGG-RUD","LOVV"]},{"id":"EUC-MW","name":"Maastricht","firs":["EDGG-PAH","EDWW-ALR"]},{"id":"EUC-SW","name":"Eurocontrol","firs":["LRBB","LUUU","LYBA"]},{"id":"EUC-WN","name":"Eurocontrol","firs":["LFEE","LIMM","LSAS"]},{"id":"EURN","name":"EuroNorth","firs":["EKDK","EETT","EFIN","EVRR","EYVL","ENOS","ENSV","ESOS"]},{"id":"GULF_EM","name":"Gulf Control","firs":[""]},{"id":"GULF_WM","name":"Gulf Control","firs":[""]},{"id":"LFUP","name":"France Control","firs":["LFFF","LFEE"]},{"id":"LIUP","name":"Italy Radar","firs":["LIMM","LIPP"]},{"id":"RU-NWC","name":"North Western Russia Control","firs":["ULLL","UMKK"]},{"id":"RU-WRC","name":"Western Russia Control","firs":["UMMV","UUWV"]}],"features":[{"type":"Feature","properties":{"id":"ADR","name":"Adria Radar","prefixes":["ADR","ADR_U"],"label":[18.392879,43.701182]},"geometry":{"type":"Polygon","coordinates":[[[13.36,45.572],[13.5,45.633],[13.633,45.625],[13.719,45.593],[13.845,45.578],[13.919,45.632],[13.792,45.74],[13.599,45.808],[13.579,45.854],[13.651,45.929],[13.641,45.981],[13.541,45.963],[13.485,45.995],[13.513,46.023],[13.501,46.059],[13.653,46.142],[13.666,46.175],[13.458,46.23],[13.419,46.213],[13.384,46.291],[13.445,46.357],[13.6,46.435],[13.692,46.437],[13.719,46.52],[13.924,46.517],[14.014,46.482],[14.092,46.486],[14.166,46.437],[14.434,46.447],[14.485,46.416],[14.523,46.425],[14.573,46.379],[14.611,46.441],[14.675,46.45],[14.727,46.5],[14.82,46.509],[14.872,46.605],[14.962,46.627],[14.983,46.605],[15.063,46.653],[15.403,46.655],[15.512,46.612],[15.56,46.676],[15.87,46.721],[16.035,46.662],[15.989,46.828],[16.116,46.872],[16.142,46.856],[16.289,46.875],[16.346,46.842],[16.327,46.76],[16.422,46.689],[16.389,46.643],[16.516,46.56],[16.535,46.499],[16.671,46.464],[16.721,46.4],[16.877,46.35],[16.897,46.289],[16.975,46.226],[17.181,46.158],[17.182,46.116],[17.253,46.075],[17.233,46.059],[17.268,46.055],[17.256,46.033],[17.298,46.03],[17.268,46.01],[17.319,45.969],[17.372,45.984],[17.391,45.96],[17.351,45.948],[17.427,45.928],[17.457,45.953],[17.59,45.932],[17.663,45.847],[17.83,45.81],[17.863,45.775],[18.0,45.795],[18.068,45.773],[18.199,45.786],[18.284,45.756],[18.446,45.75],[18.575,45.805],[18.677,45.918],[18.811,45.884],[18.825,45.911],[19.076,45.96],[19.138,46.024],[19.184,45.985],[19.306,45.982],[19.292,46.01],[19.443,46.05],[19.526,46.11],[19.514,46.147],[19.575,46.172],[19.717,46.179],[19.817,46.126],[20.0,46.174],[20.053,46.137],[20.111,46.171],[20.15,46.14],[20.192,46.154],[20.271,46.126],[20.379,45.977],[20.474,45.958],[20.521,45.911],[20.586,45.904],[20.703,45.75],[20.818,45.767],[20.81,45.649],[20.775,45.596],[20.833,45.521],[20.792,45.478],[20.863,45.465],[20.884,45.419],[21.062,45.311],[21.12,45.29],[21.178,45.319],[21.22,45.248],[21.274,45.224],[21.421,45.219],[21.53,45.151],[21.446,45.029],[21.399,45.028],[21.377,45.0],[21.437,44.951],[21.549,44.924],[21.561,44.884],[21.497,44.858],[21.379,44.857],[21.361,44.827],[21.41,44.776],[21.58,44.757],[21.641,44.663],[22.0,44.623],[22.087,44.492],[22.146,44.47],[22.19,44.489],[22.313,44.662],[22.436,44.706],[22.493,44.697],[22.605,44.617],[22.675,44.614],[22.767,44.55],[22.741,44.522],[22.695,44.514],[22.601,44.546],[22.532,44.471],[22.462,44.465],[22.543,44.315],[22.688,44.273],[22.673,44.212],[22.618,44.16],[22.617,44.069],[22.419,44.0],[22.367,43.809],[22.411,43.697],[22.494,43.636],[22.538,43.472],[22.83,43.328],[22.893,43.235],[22.992,43.202],[22.994,43.137],[22.904,43.028],[22.797,42.978],[22.755,42.89],[22.671,42.869],[22.596,42.892],[22.44,42.826],[22.501,42.738],[22.463,42.692],[22.445,42.571],[22.528,42.525],[22.559,42.474],[22.449,42.327],[22.41,42.334],[22.365,42.316],[22.529,42.142],[22.739,42.039],[22.871,42.014],[22.902,41.877],[23.026,41.729],[22.952,41.618],[22.976,41.435],[22.972,41.353],[22.944,41.336],[22.769,41.321],[22.725,41.146],[22.657,41.184],[22.595,41.118],[22.337,41.131],[22.23,41.164],[22.127,41.122],[22.068,41.157],[21.917,41.088],[21.916,41.051],[21.813,40.984],[21.791,40.931],[21.687,40.937],[21.603,40.872],[21.53,40.911],[21.433,40.921],[21.278,40.861],[21.215,40.885],[21.149,40.853],[20.992,40.858],[20.968,40.774],[21.057,40.677],[21.046,40.562],[21.008,40.548],[20.955,40.47],[20.846,40.477],[20.805,40.434],[20.794,40.361],[20.716,40.276],[20.727,40.216],[20.68,40.174],[20.684,40.098],[20.578,40.065],[20.433,40.07],[20.397,40.0],[20.308,39.985],[20.408,39.821],[20.372,39.796],[20.284,39.809],[20.308,39.733],[20.252,39.677],[20.221,39.689],[20.19,39.652],[20.034,39.703],[20.0,39.688],[19.967,39.85],[19.767,39.983],[19.65,39.983],[19.0,40.417],[19.0,40.75],[18.867,41.133],[18.317,41.417],[16.164,42.435],[14.5,43.5],[13.333,44.533],[13.0,45.3],[13.36,45.572]]]}},{"type":"Feature","properties":{"id":"ADR-E","name":"Adria Radar (East)","prefixes":["ADR_E","ADR_UE"],"label":[20.547648,42.885688]},"geometry":{"type":"Polygon","coordinates":[[[19.181,44.574],[19.338,44.741],[19.368,44.886],[19.255,44.914],[19.214,44.9],[19.177,44.925],[19.066,44.866],[18.979,44.854],[18.991,44.904],[19.076,44.906],[19.154,44.954],[19.141,44.985],[19.084,44.98],[19.109,45.087],[19.081,45.142],[19.143,45.129],[19.189,45.178],[19.173,45.2],[19.277,45.178],[19.317,45.202],[19.374,45.167],[19.443,45.183],[19.413,45.235],[19.267,45.243],[19.264,45.279],[19.162,45.274],[19.083,45.338],[18.978,45.372],[18.978,45.396],[19.028,45.412],[18.993,45.453],[19.0,45.493],[19.084,45.49],[19.101,45.512],[19.014,45.553],[18.938,45.539],[18.933,45.567],[18.9,45.572],[18.913,45.618],[18.947,45.621],[18.971,45.658],[18.914,45.706],[18.971,45.697],[18.977,45.715],[18.901,45.72],[18.981,45.748],[18.854,45.77],[18.914,45.777],[18.927,45.804],[18.906,45.826],[18.848,45.813],[18.859,45.864],[18.9,45.87],[18.874,45.895],[18.898,45.924],[19.076,45.96],[19.138,46.024],[19.184,45.985],[19.306,45.982],[19.292,46.01],[19.443,46.05],[19.526,46.11],[19.514,46.147],[19.575,46.172],[19.717,46.179],[19.817,46.126],[20.0,46.174],[20.053,46.137],[20.111,46.171],[20.15,46.14],[20.192,46.154],[20.271,46.126],[20.379,45.977],[20.474,45.958],[20.521,45.911],[20.586,45.904],[20.703,45.75],[20.818,45.767],[20.81,45.649],[20.775,45.596],[20.833,45.521],[20.792,45.478],[20.863,45.465],[20.884,45.419],[21.062,45.311],[21.12,45.29],[21.178,45.319],[21.22,45.248],[21.274,45.224],[21.421,45.219],[21.53,45.151],[21.446,45.029],[21.399,45.028],[21.377,45.0],[21.437,44.951],[21.549,44.924],[21.561,44.884],[21.497,44.858],[21.379,44.857],[21.361,44.827],[21.41,44.776],[21.58,44.757],[21.641,44.663],[22.0,44.623],[22.087,44.492],[22.146,44.47],[22.19,44.489],[22.313,44.662],[22.436,44.706],[22.493,44.697],[22.605,44.617],[22.675,44.614],[22.767,44.55],[22.741,44.522],[22.695,44.514],[22.601,44.546],[22.532,44.471],[22.462,44.465],[22.543,44.315],[22.688,44.273],[22.673,44.212],[22.618,44.16],[22.617,44.069],[22.419,44.0],[22.367,43.809],[22.411,43.697],[22.494,43.636],[22.538,43.472],[22.83,43.328],[22.893,43.235],[22.992,43.202],[22.994,43.137],[22.904,43.028],[22.797,42.978],[22.755,42.89],[22.671,42.869],[22.596,42.892],[22.44,42.826],[22.501,42.738],[22.463,42.692],[22.445,42.571],[22.528,42.525],[22.559,42.474],[22.449,42.327],[22.41,42.334],[22.365,42.316],[22.529,42.142],[22.739,42.039],[22.871,42.014],[22.902,41.877],[23.026,41.729],[22.952,41.618],[22.976,41.435],[22.972,41.353],[22.944,41.336],[22.769,41.321],[22.725,41.146],[22.657,41.184],[22.595,41.118],[22.337,41.131],[22.23,41.164],[22.127,41.122],[22.068,41.157],[21.917,41.088],[21.916,41.051],[21.813,40.984],[21.791,40.931],[21.687,40.937],[21.603,40.872],[21.53,40.911],[21.433,40.921],[21.278,40.861],[21.215,40.885],[21.149,40.853],[20.992,40.858],[20.968,40.774],[21.057,40.677],[21.046,40.562],[21.008,40.548],[20.955,40.47],[20.846,40.477],[20.805,40.434],[20.794,40.361],[20.716,40.276],[20.727,40.216],[20.68,40.174],[20.684,40.098],[20.578,40.065],[20.433,40.07],[20.397,40.0],[20.308,39.985],[20.408,39.821],[20.372,39.796],[20.284,39.809],[20.308,39.733],[20.252,39.677],[20.221,39.689],[20.19,39.652],[20.034,39.703],[20.0,39.688],[19.967,39.85],[19.767,39.983],[19.65,39.983],[19.0,40.417],[19.0,40.75],[18.867,41.133],[18.317,41.417],[18.531,42.391],[18.52,42.438],[18.422,42.494],[18.439,42.551],[18.559,42.584],[18.517,42.623],[18.553,42.663],[18.548,42.717],[18.472,42.757],[18.456,42.809],[18.488,42.892],[18.479,42.96],[18.537,43.031],[18.668,43.033],[18.649,43.138],[18.712,43.221],[18.686,43.251],[18.849,43.324],[18.841,43.349],[18.913,43.361],[18.96,43.329],[18.955,43.29],[19.018,43.256],[19.042,43.298],[19.092,43.311],[19.013,43.445],[18.958,43.455],[18.954,43.493],[18.916,43.514],[18.996,43.553],[19.037,43.518],[19.124,43.542],[19.212,43.534],[19.244,43.589],[19.333,43.613],[19.365,43.615],[19.402,43.545],[19.427,43.578],[19.482,43.569],[19.507,43.587],[19.489,43.633],[19.526,43.66],[19.512,43.716],[19.252,43.952],[19.234,44.014],[19.384,43.964],[19.526,43.957],[19.622,44.022],[19.599,44.07],[19.578,44.046],[19.468,44.124],[19.481,44.147],[19.435,44.137],[19.361,44.183],[19.322,44.274],[19.237,44.262],[19.211,44.292],[19.167,44.285],[19.101,44.374],[19.145,44.419],[19.124,44.524],[19.169,44.528],[19.181,44.574]]]}},{"type":"Feature","properties":{"id":"ADR-W","name":"Adria Radar (West)","prefixes":["ADR_UW","ADR_W"],"label":[16.425513,44.445752]},"geometry":{"type":"Polygon","coordinates":[[[13.36,45.572],[13.5,45.633],[13.633,45.625],[13.719,45.593],[13.845,45.578],[13.919,45.632],[13.792,45.74],[13.599,45.808],[13.579,45.854],[13.651,45.929],[13.641,45.981],[13.541,45.963],[13.485,45.995],[13.513,46.023],[13.501,46.059],[13.653,46.142],[13.666,46.175],[13.458,46.23],[13.419,46.213],[13.384,46.291],[13.445,46.357],[13.6,46.435],[13.692,46.437],[13.719,46.52],[13.924,46.517],[14.014,46.482],[14.092,46.486],[14.166,46.437],[14.434,46.447],[14.485,46.416],[14.523,46.425],[14.573,46.379],[14.611,46.441],[14.675,46.45],[14.727,46.5],[14.82,46.509],[14.872,46.605],[14.962,46.627],[14.983,46.605],[15.063,46.653],[15.403,46.655],[15.512,46.612],[15.56,46.676],[15.87,46.721],[16.035,46.662],[15.989,46.828],[16.116,46.872],[16.142,46.856],[16.289,46.875],[16.346,46.842],[16.327,46.76],[16.422,46.689],[16.389,46.643],[16.516,46.56],[16.535,46.499],[16.671,46.464],[16.721,46.4],[16.877,46.35],[16.897,46.289],[16.975,46.226],[17.181,46.158],[17.182,46.116],[17.253,46.075],[17.233,46.059],[17.268,46.055],[17.256,46.033],[17.298,46.03],[17.268,46.01],[17.319,45.969],[17.372,45.984],[17.391,45.96],[17.351,45.948],[17.427,45.928],[17.457,45.953],[17.59,45.932],[17.663,45.847],[17.83,45.81],[17.863,45.775],[18.0,45.795],[18.068,45.773],[18.199,45.786],[18.284,45.756],[18.446,45.75],[18.575,45.805],[18.677,45.918],[18.811,45.884],[18.825,45.911],[18.898,45.924],[18.874,45.895],[18.9,45.87],[18.859,45.864],[18.848,45.813],[18.906,45.826],[18.927,45.804],[18.914,45.777],[18.854,45.77],[18.981,45.748],[18.901,45.72],[18.977,45.715],[18.971,45.697],[18.914,45.706],[18.971,45.658],[18.947,45.621],[18.913,45.618],[18.9,45.572],[18.933,45.567],[18.938,45.539],[19.014,45.553],[19.101,45.512],[19.084,45.49],[19.0,45.493],[18.993,45.453],[19.028,45.412],[18.978,45.396],[18.978,45.372],[19.083,45.338],[19.162,45.274],[19.264,45.279],[19.267,45.243],[19.413,45.235],[19.443,45.183],[19.374,45.167],[19.317,45.202],[19.277,45.178],[19.173,45.2],[19.189,45.178],[19.143,45.129],[19.081,45.142],[19.109,45.087],[19.084,44.98],[19.141,44.985],[19.154,44.954],[19.076,44.906],[18.991,44.904],[18.978,44.854],[18.84,44.86],[18.979,44.854],[19.066,44.866],[19.177,44.925],[19.214,44.9],[19.255,44.914],[19.368,44.886],[19.338,44.741],[19.181,44.574],[19.169,44.528],[19.124,44.524],[19.145,44.419],[19.101,44.374],[19.167,44.285],[19.211,44.292],[19.237,44.262],[19.322,44.274],[19.361,44.183],[19.435,44.137],[19.481,44.147],[19.468,44.124],[19.578,44.046],[19.599,44.07],[19.622,44.022],[19.526,43.957],[19.384,43.964],[19.234,44.014],[19.252,43.952],[19.512,43.716],[19.526,43.66],[19.489,43.633],[19.507,43.587],[19.482,43.569],[19.427,43.578],[19.402,43.545],[19.365,43.615],[19.333,43.613],[19.244,43.589],[19.212,43.534],[19.124,43.542],[19.037,43.518],[18.996,43.553],[18.916,43.514],[18.954,43.493],[18.958,43.455],[19.013,43.445],[19.092,43.311],[19.042,43.298],[19.018,43.256],[18.955,43.29],[18.96,43.329],[18.913,43.361],[18.841,43.349],[18.849,43.324],[18.686,43.251],[18.712,43.221],[18.649,43.138],[18.668,43.033],[18.537,43.031],[18.479,42.96],[18.488,42.892],[18.456,42.809],[18.472,42.757],[18.548,42.717],[18.553,42.663],[18.516,42.623],[18.559,42.584],[18.439,42.551],[18.422,42.494],[18.52,42.438],[18.531,42.391],[18.317,41.417],[16.164,42.435],[14.5,43.5],[13.333,44.533],[13.0,45.3],[13.36,45.572]]]}},{"type":"Feature","properties":{"id":"EDGG","name":"Langen","prefixes":["EDGG"],"label":[8.25,50.28]},"geometry":{"type":"Polygon","coordinates":[[[6.998,52.228],[6.953,52.181],[6.911,52.177],[6.853,52.119],[6.761,52.119],[6.737,52.075],[6.695,52.07],[6.688,52.039],[6.714,52.04],[6.751,52.029],[6.828,51.992],[6.829,51.966],[6.799,51.96],[6.797,51.942],[6.77,51.917],[6.723,51.897],[6.683,51.917],[6.472,51.854],[6.451,51.865],[6.391,51.873],[6.387,51.863],[6.408,51.854],[6.404,51.828],[6.354,51.849],[6.311,51.85],[6.277,51.874],[6.216,51.868],[6.182,51.886],[6.191,51.888],[6.151,51.904],[6.104,51.893],[6.167,51.862],[6.167,51.841],[6.105,51.849],[6.064,51.865],[6.054,51.852],[5.993,51.831],[5.963,51.837],[5.991,51.766],[5.952,51.749],[5.955,51.738],[5.994,51.738],[6.045,51.717],[6.028,51.711],[6.031,51.676],[6.116,51.652],[6.091,51.606],[6.158,51.566],[6.177,51.538],[6.211,51.514],[6.213,51.491],[6.224,51.474],[6.204,51.401],[6.227,51.4],[6.215,51.39],[6.226,51.36],[6.169,51.333],[6.125,51.275],[6.072,51.242],[6.086,51.223],[6.068,51.221],[6.073,51.181],[6.084,51.171],[6.107,51.172],[6.165,51.194],[6.18,51.186],[6.141,51.173],[6.174,51.159],[6.091,51.133],[6.05,51.105],[5.998,51.082],[5.957,51.039],[5.934,51.038],[5.913,51.067],[5.888,51.053],[5.863,51.052],[5.88,51.015],[5.902,51.002],[5.895,50.977],[5.953,50.99],[5.965,50.981],[6.024,50.985],[6.008,50.959],[6.02,50.937],[6.091,50.919],[6.077,50.896],[6.089,50.871],[6.073,50.848],[6.052,50.854],[6.018,50.845],[6.025,50.816],[6.005,50.802],[5.984,50.808],[5.976,50.798],[6.024,50.775],[6.021,50.754],[6.05,50.722],[6.119,50.718],[6.193,50.627],[6.277,50.623],[6.25,50.583],[6.2,50.55],[6.25,50.483],[6.35,50.467],[6.383,50.433],[6.408,50.333],[6.3,50.317],[6.15,50.15],[6.133,50.05],[6.333,49.85],[6.517,49.817],[6.5,49.75],[6.383,49.6],[6.35,49.467],[6.417,49.467],[6.517,49.417],[6.733,49.15],[6.85,49.15],[6.85,49.217],[6.9,49.2],[7.0,49.233],[7.05,49.117],[7.117,49.15],[7.217,49.117],[7.467,49.167],[7.517,49.117],[7.683,49.05],[7.817,49.067],[7.883,49.033],[8.0,49.017],[8.217,48.967],[8.083,48.817],[7.967,48.767],[7.9,48.667],[7.8,48.6],[7.798,48.506],[7.733,48.367],[7.746,48.328],[7.658,48.217],[7.57,48.083],[7.967,48.1],[8.321,48.17],[9.55,48.167],[9.55,48.528],[9.776,48.811],[10.479,49.111],[10.588,49.179],[10.967,49.442],[10.289,50.227],[10.522,50.5],[10.703,50.657],[10.493,51.333],[8.907,51.333],[8.865,51.884],[8.577,51.894],[8.517,52.292],[8.4,52.326],[7.998,52.281],[7.064,52.238],[7.038,52.227],[6.998,52.228]]]}},{"type":"Feature","properties":{"id":"EDGG-A","name":"Langen Radar (Allendorf) - Langen","prefixes":["EDGG_A","EDGG_AH"],"label":[8.1,51.1]},"geometry":{"type":"Polygon","coordinates":[[[8.907,51.333],[10.493,51.333],[10.703,50.657],[10.522,50.5],[10.309,50.251],[10.181,50.292],[9.622,50.286],[9.44,50.245],[9.187,50.263],[9.132,50.225],[9.045,50.182],[8.828,50.166],[8.783,50.133],[8.5,50.117],[8.002,50.117],[7.685,50.195],[7.441,50.55],[7.58,50.6],[7.168,51.001],[7.107,51.032],[7.271,51.109],[7.829,51.132],[7.479,51.624],[6.877,51.911],[6.797,51.942],[6.799,51.96],[6.829,51.966],[6.828,51.992],[6.751,52.029],[6.714,52.04],[6.688,52.039],[6.695,52.07],[6.737,52.075],[6.761,52.119],[6.853,52.119],[6.911,52.177],[6.953,52.181],[6.998,52.228],[7.038,52.227],[7.064,52.238],[7.998,52.281],[8.4,52.326],[8.517,52.292],[8.577,51.894],[8.865,51.884],[8.907,51.333]]]}},{"type":"Feature","properties":{"id":"EDGG-BAD","name":"Langen Radar (Baden) - Langen","prefixes":["EDGG_B1D","EDGG_B1H","EDGG_BAD","EDGG_BAH","EDGG_L1U","EDGG_LBU","EDGG_M1N","EDGG_MAN","EDGG_N1R","EDGG_NKR"],"label":[8.77,48.66]},"geometry":{"type":"Polygon","coordinates":[[[10.097,48.949],[9.783,49.117],[9.453,49.272],[9.072,49.252],[9.046,49.242],[9.132,49.931],[9.045,50.182],[8.828,50.166],[8.783,50.133],[8.5,50.117],[8.341,50.117],[8.449,49.67],[8.374,49.076],[8.348,49.004],[8.292,48.968],[8.217,48.967],[8.083,48.817],[7.967,48.767],[7.9,48.667],[7.8,48.6],[7.798,48.506],[7.733,48.367],[7.746,48.328],[7.658,48.217],[7.57,48.083],[7.967,48.1],[8.321,48.17],[9.55,48.167],[9.55,48.528],[9.776,48.811],[10.097,48.949]]]}},{"type":"Feature","properties":{"id":"EDGG-C","name":"Langen Radar (Central) - Langen","prefixes":["EDGG_C","EDGG_CA","EDGG_CH"],"label":[8.34,50.5]},"geometry":{"type":"Polygon","coordinates":[[[8.907,51.333],[10.493,51.333],[10.703,50.657],[10.522,50.5],[10.309,50.251],[10.181,50.292],[9.622,50.286],[9.44,50.245],[9.187,50.263],[9.132,50.225],[9.045,50.182],[8.828,50.166],[8.783,50.133],[8.5,50.117],[8.341,50.117],[8.449,49.67],[8.374,49.076],[8.348,49.004],[8.292,48.968],[8.217,48.967],[8.0,49.017],[7.883,49.033],[7.817,49.067],[7.683,49.05],[7.517,49.117],[7.467,49.167],[7.217,49.117],[7.117,49.15],[7.05,49.117],[7.0,49.233],[6.9,49.2],[6.85,49.217],[6.85,49.15],[6.733,49.15],[6.517,49.417],[6.417,49.467],[6.35,49.467],[6.383,49.6],[6.5,49.75],[6.517,49.817],[6.333,49.85],[6.133,50.05],[6.15,50.15],[6.3,50.317],[6.408,50.333],[6.388,50.415],[6.836,50.513],[7.466,50.516],[7.441,50.55],[7.58,50.6],[7.168,51.001],[7.107,51.032],[7.271,51.109],[7.829,51.132],[8.069,50.913],[8.463,50.93],[8.596,51.017],[8.907,51.333]]]}},{"type":"Feature","properties":{"id":"EDGG-CS","name":"Langen Radar (Central+South combined) - Langen","prefixes":["EDGG_CS"],"label":[8.54,49.9]},"geometry":{"type":"Polygon","coordinates":[[[8.217,48.967],[8.083,48.817],[7.967,48.767],[7.9,48.667],[7.8,48.6],[7.798,48.506],[7.733,48.367],[7.746,48.328],[7.658,48.217],[7.57,48.083],[7.967,48.1],[8.321,48.17],[9.55,48.167],[9.55,48.528],[9.776,48.811],[10.479,49.111],[10.588,49.179],[10.967,49.442],[10.289,50.227],[10.522,50.5],[10.703,50.657],[10.493,51.333],[8.907,51.333],[8.596,51.017],[8.463,50.93],[8.069,50.913],[7.829,51.132],[7.271,51.109],[7.107,51.032],[7.168,51.001],[7.58,50.6],[7.441,50.55],[7.466,50.516],[6.836,50.513],[6.388,50.415],[6.408,50.333],[6.3,50.317],[6.15,50.15],[6.133,50.05],[6.333,49.85],[6.517,49.817],[6.5,49.75],[6.383,49.6],[6.35,49.467],[6.417,49.467],[6.517,49.417],[6.733,49.15],[6.85,49.15],[6.85,49.217],[6.9,49.2],[7.0,49.233],[7.05,49.117],[7.117,49.15],[7.217,49.117],[7.467,49.167],[7.517,49.117],[7.683,49.05],[7.817,49.067],[7.883,49.033],[8.0,49.017],[8.217,48.967]]]}},{"type":"Feature","properties":{"id":"EDGG-DKB","name":"Langen Radar (Dinkelsbuehl) - Langen","prefixes":["EDGG_D1B","EDGG_D1H","EDGG_DKB","EDGG_DKH","EDGG_H1B","EDGG_HAB","EDGG_K1G","EDGG_KNG","EDGG_KTG","EDGG_P1A","EDGG_PSA"],"label":[9.9,49.6]},"geometry":{"type":"Polygon","coordinates":[[[10.289,50.227],[10.967,49.442],[10.588,49.179],[10.479,49.111],[10.097,48.949],[9.783,49.117],[9.453,49.272],[9.072,49.252],[9.046,49.242],[9.132,49.931],[9.045,50.182],[9.132,50.225],[9.187,50.263],[9.44,50.245],[9.622,50.286],[9.761,50.292],[10.181,50.292],[10.309,50.251],[10.289,50.227]]]}},{"type":"Feature","properties":{"id":"EDGG-GIN","name":"Langen Radar (Giessen) - Langen","prefixes":["EDGG_G1H","EDGG_G1N","EDGG_GIH","EDGG_GIN","EDGG_H1F","EDGG_HEF","EDGG_S1G","EDGG_SIG","EDGG_T1U","EDGG_TAU"],"label":[8.96,50.75]},"geometry":{"type":"Polygon","coordinates":[[[8.907,51.333],[10.493,51.333],[10.703,50.657],[10.522,50.5],[10.309,50.251],[10.181,50.292],[9.622,50.286],[9.44,50.245],[9.187,50.263],[9.132,50.225],[9.045,50.182],[8.828,50.166],[8.783,50.133],[8.5,50.117],[8.002,50.117],[7.685,50.195],[7.441,50.55],[7.58,50.6],[7.168,51.001],[7.107,51.032],[7.271,51.109],[7.829,51.132],[8.069,50.913],[8.463,50.93],[8.596,51.017],[8.907,51.333]]]}},{"type":"Feature","properties":{"id":"EDGG-N","name":"Langen Radar (North) - Langen","prefixes":["EDGG_N","EDGG_NH"],"label":[7.4,51.5]},"geometry":{"type":"Polygon","coordinates":[[[6.383,50.433],[6.35,50.467],[6.25,50.483],[6.2,50.55],[6.25,50.583],[6.277,50.623],[6.193,50.627],[6.119,50.718],[6.05,50.722],[6.021,50.754],[6.024,50.775],[5.976,50.798],[5.984,50.808],[6.005,50.802],[6.025,50.816],[6.018,50.845],[6.052,50.854],[6.073,50.848],[6.089,50.871],[6.077,50.896],[6.091,50.919],[6.02,50.937],[6.008,50.959],[6.024,50.985],[5.965,50.981],[5.953,50.99],[5.895,50.977],[5.902,51.002],[5.88,51.015],[5.863,51.052],[5.888,51.053],[5.913,51.067],[5.934,51.038],[5.957,51.039],[5.998,51.082],[6.05,51.105],[6.091,51.133],[6.174,51.159],[6.141,51.173],[6.18,51.186],[6.165,51.194],[6.107,51.172],[6.084,51.171],[6.073,51.181],[6.068,51.221],[6.086,51.223],[6.072,51.242],[6.125,51.275],[6.169,51.333],[6.226,51.36],[6.215,51.39],[6.227,51.4],[6.204,51.401],[6.224,51.474],[6.213,51.491],[6.211,51.514],[6.177,51.538],[6.158,51.566],[6.091,51.606],[6.116,51.652],[6.031,51.676],[6.028,51.711],[6.045,51.717],[5.994,51.738],[5.955,51.738],[5.952,51.749],[5.991,51.766],[5.963,51.837],[5.993,51.831],[6.054,51.852],[6.064,51.865],[6.105,51.849],[6.167,51.841],[6.167,51.862],[6.104,51.893],[6.151,51.904],[6.191,51.888],[6.182,51.886],[6.216,51.868],[6.277,51.874],[6.311,51.85],[6.354,51.849],[6.404,51.828],[6.408,51.854],[6.387,51.863],[6.391,51.873],[6.451,51.865],[6.472,51.854],[6.683,51.917],[6.723,51.897],[6.77,51.917],[6.797,51.942],[6.799,51.96],[6.829,51.966],[6.828,51.992],[6.751,52.029],[6.714,52.04],[6.688,52.039],[6.695,52.07],[6.737,52.075],[6.761,52.119],[6.853,52.119],[6.911,52.177],[6.953,52.181],[6.998,52.228],[7.038,52.227],[7.064,52.238],[7.998,52.281],[8.4,52.326],[8.517,52.292],[8.577,51.894],[8.865,51.884],[8.907,51.333],[8.596,51.017],[8.463,50.93],[8.069,50.913],[7.829,51.132],[7.271,51.109],[7.107,51.032],[7.168,51.001],[7.58,50.6],[7.441,50.55],[7.466,50.516],[6.836,50.513],[6.388,50.415],[6.383,50.433]]]}},{"type":"Feature","properties":{"id":"EDGG-PAH","name":"Langen Radar (Pad High) - Langen","prefixes":["EDGG_P1D","EDGG_P1H","EDGG_PAD","EDGG_PAH"],"label":[8.0,51.7]},"geometry":{"type":"Polygon","coordinates":[[[8.596,51.017],[8.463,50.93],[8.069,50.913],[7.829,51.132],[7.479,51.624],[6.877,51.911],[6.797,51.942],[6.799,51.96],[6.829,51.966],[6.828,51.992],[6.751,52.029],[6.714,52.04],[6.688,52.039],[6.695,52.07],[6.737,52.075],[6.761,52.119],[6.853,52.119],[6.911,52.177],[6.953,52.181],[6.998,52.228],[7.038,52.227],[7.064,52.238],[7.998,52.281],[8.4,52.326],[8.517,52.292],[8.577,51.894],[8.865,51.884],[8.907,51.333],[8.596,51.017]]]}},{"type":"Feature","properties":{"id":"EDGG-RUD","name":"Langen Radar (Ruedesheim) - Langen","prefixes":["EDGG_K1R","EDGG_KIR","EDGG_R1D","EDGG_R1H","EDGG_RUD","EDGG_RUH"],"label":[7.2,49.7]},"geometry":{"type":"Polygon","coordinates":[[[8.217,48.967],[8.0,49.017],[7.883,49.033],[7.817,49.067],[7.683,49.05],[7.517,49.117],[7.467,49.167],[7.217,49.117],[7.117,49.15],[7.05,49.117],[7.0,49.233],[6.9,49.2],[6.85,49.217],[6.85,49.15],[6.733,49.15],[6.517,49.417],[6.417,49.467],[6.35,49.467],[6.383,49.6],[6.5,49.75],[6.517,49.817],[6.333,49.85],[6.133,50.05],[6.15,50.15],[6.3,50.317],[6.408,50.333],[6.388,50.415],[6.836,50.513],[7.466,50.516],[7.685,50.195],[8.002,50.117],[8.341,50.117],[8.449,49.67],[8.374,49.076],[8.348,49.004],[8.292,48.968],[8.217,48.967]]]}},{"type":"Feature","properties":{"id":"EDGG-S","name":"Langen Radar (South) - Langen","prefixes":["EDGG_S","EDGG_SA","EDGG_SH"],"label":[9.5,49.0]},"geometry":{"type":"Polygon","coordinates":[[[9.045,50.182],[8.828,50.166],[8.783,50.133],[8.5,50.117],[8.341,50.117],[8.449,49.67],[8.374,49.076],[8.348,49.004],[8.292,48.968],[8.217,48.967],[8.083,48.817],[7.967,48.767],[7.9,48.667],[7.8,48.6],[7.798,48.506],[7.733,48.367],[7.746,48.328],[7.658,48.217],[7.57,48.083],[7.967,48.1],[8.321,48.17],[9.55,48.167],[9.55,48.528],[9.776,48.811],[10.479,49.111],[10.588,49.179],[10.967,49.442],[10.289,50.227],[10.309,50.251],[10.181,50.292],[9.622,50.286],[9.44,50.245],[9.187,50.263],[9.132,50.225],[9.045,50.182]]]}},{"type":"Feature","properties":{"id":"EDMM","name":"Muenchen","prefixes":["EDMM"],"label":[11.786666,49.711666]},"geometry":{"type":"Polygon","coordinates":[[[15.0,51.017],[15.033,51.3],[14.933,51.483],[14.833,51.5],[14.75,51.567],[14.767,51.633],[13.75,51.508],[13.1,51.508],[12.64,51.625],[12.202,51.876],[12.0,51.907],[11.208,51.841],[10.7,51.567],[10.387,51.334],[10.493,51.333],[10.703,50.657],[10.522,50.5],[10.289,50.227],[10.967,49.442],[10.588,49.179],[10.479,49.111],[9.776,48.811],[9.55,48.528],[9.55,47.8],[9.733,47.534],[10.287,47.323],[10.553,47.55],[11.138,47.392],[11.476,47.571],[12.05,47.62],[12.81,47.7],[12.66,47.94],[12.54,48.03],[12.71,48.15],[12.68,48.24],[13.08,48.26],[13.18,48.29],[13.76,48.8],[12.52,49.7],[12.45,49.78],[12.33,50.18],[12.36,50.3],[14.77,51.01],[15.0,51.017]]]}},{"type":"Feature","properties":{"id":"EDMM-GER","name":"Muenchen ACC (Gera) - Muenchen","prefixes":["EDMM_GER","EDMM_HAL","EDMM_MEI"],"label":[12.43,51.065]},"geometry":{"type":"Polygon","coordinates":[[[10.703,50.657],[10.493,51.333],[10.387,51.334],[10.7,51.567],[11.208,51.841],[12.0,51.907],[12.202,51.876],[12.64,51.625],[13.1,51.508],[13.75,51.508],[14.767,51.633],[14.75,51.567],[14.833,51.5],[14.933,51.483],[15.033,51.3],[15.0,51.017],[14.77,51.01],[12.768,50.42],[12.117,50.704],[10.703,50.657]]]}},{"type":"Feature","properties":{"id":"EDMM-HOF","name":"Muenchen ACC (Hof) - Muenchen","prefixes":["EDMM_BBG","EDMM_HOF"],"label":[11.56,50.21]},"geometry":{"type":"Polygon","coordinates":[[[10.289,50.227],[10.522,50.5],[10.703,50.657],[10.493,51.333],[10.387,51.334],[10.7,51.567],[11.208,51.841],[12.0,51.907],[12.202,51.876],[12.64,51.625],[13.1,51.508],[13.75,51.508],[14.767,51.633],[14.75,51.567],[14.833,51.5],[14.933,51.483],[15.033,51.3],[15.0,51.017],[14.77,51.01],[12.36,50.3],[12.33,50.18],[12.45,49.78],[12.52,49.7],[11.757,49.448],[10.967,49.442],[10.289,50.227]]]}},{"type":"Feature","properties":{"id":"EDMM-RDG","name":"Muenchen ACC (Roding) - Muenchen","prefixes":["EDMM_RDG"],"label":[11.72787,48.75036]},"geometry":{"type":"Polygon","coordinates":[[[12.52,49.7],[12.45,49.78],[12.33,50.18],[12.36,50.3],[12.768,50.42],[12.117,50.704],[10.703,50.657],[10.522,50.5],[10.289,50.227],[10.967,49.442],[10.588,49.179],[10.479,49.111],[9.776,48.811],[9.55,48.528],[9.55,47.8],[9.733,47.534],[10.287,47.323],[10.553,47.55],[11.138,47.392],[11.476,47.571],[12.05,47.62],[12.81,47.7],[12.66,47.94],[12.54,48.03],[12.71,48.15],[12.68,48.24],[13.08,48.26],[13.18,48.29],[13.76,48.8],[12.52,49.7]]]}},{"type":"Feature","properties":{"id":"EDMM-ZUG","name":"Muenchen ACC (Zugspitze) - Muenchen","prefixes":["EDMM_ALB","EDMM_EGG","EDMM_FUE","EDMM_NDG","EDMM_STA","EDMM_TEG","EDMM_TRU","EDMM_WLD","EDMM_ZUG"],"label":[10.85,48.36]},"geometry":{"type":"Polygon","coordinates":[[[12.52,49.7],[11.757,49.448],[10.967,49.442],[10.588,49.179],[10.479,49.111],[9.776,48.811],[9.55,48.528],[9.55,47.8],[9.733,47.534],[10.287,47.323],[10.553,47.55],[11.138,47.392],[11.476,47.571],[12.05,47.62],[12.81,47.7],[12.66,47.94],[12.54,48.03],[12.71,48.15],[12.68,48.24],[13.08,48.26],[13.18,48.29],[13.76,48.8],[12.52,49.7]]]}},{"type":"Feature","properties":{"id":"EDWW","name":"Bremen","prefixes":["EDWW"],"label":[10.8,52.8]},"geometry":{"type":"Polygon","coordinates":[[[6.5,55.0],[8.0,55.0],[8.333,55.067],[8.392,55.069],[8.6,54.917],[9.65,54.8],[10.054,54.765],[10.5,54.658],[11.0,54.644],[11.167,54.603],[11.5,54.5],[11.667,54.464],[11.833,54.446],[12.0,54.45],[12.85,54.917],[13.761,54.917],[14.325,54.667],[14.255,54.127],[14.201,54.126],[14.242,53.988],[14.226,53.928],[14.3,53.617],[14.333,53.583],[14.383,53.55],[14.417,53.317],[14.433,53.25],[14.333,53.05],[14.167,52.967],[14.15,52.85],[14.383,52.75],[14.6,52.583],[14.567,52.433],[14.583,52.3],[14.7,52.25],[14.683,52.15],[14.75,52.083],[14.717,51.933],[14.617,51.833],[14.767,51.633],[13.75,51.508],[13.1,51.508],[12.64,51.625],[12.202,51.876],[12.0,51.907],[11.208,51.841],[10.7,51.567],[10.387,51.334],[8.907,51.333],[8.865,51.884],[8.577,51.894],[8.517,52.292],[8.4,52.326],[7.998,52.281],[7.064,52.238],[7.03,52.271],[7.026,52.29],[7.072,52.353],[7.069,52.382],[7.055,52.401],[7.036,52.404],[6.989,52.469],[6.946,52.436],[6.854,52.451],[6.853,52.46],[6.772,52.46],[6.697,52.486],[6.705,52.522],[6.681,52.553],[6.716,52.549],[6.726,52.563],[6.768,52.562],[6.719,52.589],[6.727,52.615],[6.71,52.628],[6.751,52.647],[6.903,52.649],[6.94,52.638],[6.985,52.645],[7.042,52.633],[7.056,52.644],[7.071,52.81],[7.093,52.838],[7.087,52.85],[7.181,52.94],[7.214,53.006],[7.202,53.113],[7.184,53.123],[7.179,53.138],[7.218,53.208],[7.192,53.299],[7.025,53.315],[6.991,53.338],[6.923,53.423],[6.82,53.493],[6.683,53.517],[6.603,53.558],[6.5,53.667],[6.5,55.0]]]}},{"type":"Feature","properties":{"id":"EDWW-ALR","name":"Bremen ACC (Aller) - Bremen","prefixes":["EDWW_AL1","EDWW_AL2","EDWW_ALR","EDWW_EI1","EDWW_EI2","EDWW_EID","EDWW_HE1","EDWW_HE2","EDWW_HEI"],"label":[8.55256,53.7488]},"geometry":{"type":"Polygon","coordinates":[[[6.5,55.0],[8.0,55.0],[8.333,55.067],[8.392,55.069],[8.6,54.917],[9.65,54.8],[10.054,54.765],[10.5,54.658],[11.0,54.644],[11.167,54.603],[11.5,54.5],[11.667,54.464],[11.833,54.446],[12.0,54.45],[11.26,54.14],[11.158,53.581],[11.416,53.348],[11.135,52.998],[10.267,53.05],[10.1,53.092],[9.917,53.0],[9.883,52.95],[9.794,52.913],[9.74,52.71],[9.419,52.702],[9.086,52.683],[8.571,52.737],[7.056,52.644],[7.071,52.81],[7.093,52.838],[7.087,52.85],[7.181,52.94],[7.214,53.006],[7.202,53.113],[7.184,53.123],[7.179,53.138],[7.218,53.208],[7.192,53.299],[7.025,53.315],[6.991,53.338],[6.923,53.423],[6.82,53.493],[6.683,53.517],[6.603,53.558],[6.5,53.667],[6.5,55.0]]]}},{"type":"Feature","properties":{"id":"EDWW-BOR","name":"Bremen ACC (Boerde) - Bremen","prefixes":["EDWW_BO1","EDWW_BO2","EDWW_BOR"],"label":[12.79,52.8]},"geometry":{"type":"Polygon","coordinates":[[[11.095,52.73],[11.135,52.998],[11.416,53.348],[11.158,53.581],[11.518,53.54],[11.719,53.455],[12.507,53.208],[13.878,53.316],[13.934,53.358],[14.333,53.583],[14.383,53.55],[14.417,53.317],[14.433,53.25],[14.333,53.05],[14.167,52.967],[14.15,52.85],[14.383,52.75],[14.6,52.583],[14.567,52.433],[14.583,52.3],[14.7,52.25],[14.683,52.15],[14.75,52.083],[14.717,51.933],[14.617,51.833],[14.767,51.633],[13.75,51.508],[13.1,51.508],[12.64,51.625],[12.202,51.876],[12.0,51.907],[11.208,51.841],[11.07,52.38],[11.095,52.73]]]}},{"type":"Feature","properties":{"id":"EDWW-EMS","name":"Bremen ACC (Ems) - Bremen","prefixes":["EDWW_EM1","EDWW_EM2","EDWW_EMS","EDWW_HR1","EDWW_HR2","EDWW_HRZ"],"label":[9.80834,51.71725]},"geometry":{"type":"Polygon","coordinates":[[[7.056,52.644],[8.571,52.737],[9.086,52.683],[9.419,52.702],[9.74,52.71],[9.794,52.913],[9.883,52.95],[9.917,53.0],[10.1,53.092],[10.267,53.05],[11.135,52.998],[11.095,52.73],[11.07,52.38],[11.208,51.841],[10.7,51.567],[10.387,51.334],[8.907,51.333],[8.865,51.884],[8.577,51.894],[8.517,52.292],[8.4,52.326],[7.998,52.281],[7.064,52.238],[7.03,52.271],[7.026,52.29],[7.072,52.353],[7.069,52.382],[7.055,52.401],[7.036,52.404],[6.989,52.469],[6.946,52.436],[6.854,52.451],[6.853,52.46],[6.772,52.46],[6.697,52.486],[6.705,52.522],[6.681,52.553],[6.716,52.549],[6.726,52.563],[6.768,52.562],[6.719,52.589],[6.727,52.615],[6.71,52.628],[6.751,52.647],[6.903,52.649],[6.94,52.638],[6.985,52.645],[7.042,52.633],[7.056,52.644]]]}},{"type":"Feature","properties":{"id":"EDWW-FLG","name":"Bremen ACC (Flaeming) - Bremen","prefixes":["EDWW_FL1","EDWW_FL2","EDWW_FLG"],"label":[12.79,52.2]},"geometry":{"type":"Polygon","coordinates":[[[14.6,52.583],[14.567,52.433],[14.583,52.3],[14.7,52.25],[14.683,52.15],[14.75,52.083],[14.717,51.933],[14.617,51.833],[14.767,51.633],[13.75,51.508],[13.1,51.508],[12.64,51.625],[12.202,51.876],[12.0,51.907],[11.208,51.841],[11.07,52.38],[11.128,52.464],[12.244,52.483],[13.309,52.586],[13.548,52.657],[14.026,52.698],[14.6,52.583]]]}},{"type":"Feature","properties":{"id":"EDWW-MAR","name":"Bremen ACC (Mark) - Bremen","prefixes":["EDWW_MA1","EDWW_MA2","EDWW_MAR"],"label":[12.79,53.3]},"geometry":{"type":"Polygon","coordinates":[[[11.095,52.73],[11.135,52.998],[11.416,53.348],[11.158,53.581],[11.26,54.14],[12.0,54.45],[12.85,54.917],[13.761,54.917],[14.325,54.667],[14.255,54.127],[14.201,54.126],[14.242,53.988],[14.226,53.928],[14.3,53.617],[14.333,53.583],[14.383,53.55],[14.417,53.317],[14.433,53.25],[14.333,53.05],[14.167,52.967],[14.15,52.85],[14.383,52.75],[14.6,52.583],[14.567,52.433],[14.583,52.3],[14.7,52.25],[14.683,52.15],[14.75,52.083],[14.717,51.933],[14.617,51.833],[14.767,51.633],[13.75,51.508],[13.1,51.508],[12.64,51.625],[12.202,51.876],[12.0,51.907],[11.208,51.841],[11.07,52.38],[11.095,52.73]]]}},{"type":"Feature","properties":{"id":"EDWW-MRZ","name":"Bremen ACC (Mueritz) - Bremen","prefixes":["EDWW_MR1","EDWW_MR2","EDWW_MRZ"],"label":[12.79,53.8]},"geometry":{"type":"Polygon","coordinates":[[[11.095,52.73],[11.135,52.998],[11.416,53.348],[11.158,53.581],[11.26,54.14],[12.0,54.45],[12.85,54.917],[13.761,54.917],[14.325,54.667],[14.255,54.127],[14.201,54.126],[14.242,53.988],[14.226,53.928],[14.3,53.617],[14.333,53.583],[14.383,53.55],[14.417,53.317],[14.433,53.25],[14.333,53.05],[14.167,52.967],[14.15,52.85],[14.383,52.75],[14.6,52.583],[14.026,52.698],[13.548,52.657],[13.309,52.586],[12.244,52.483],[11.128,52.464],[11.07,52.38],[11.095,52.73]]]}},{"type":"Feature","properties":{"id":"EDWW-W","name":"Bremen ACC (West) - Bremen","prefixes":["EDWW_W"],"label":[9.25423,52.85894]},"geometry":{"type":"Polygon","coordinates":[[[6.5,55.0],[8.0,55.0],[8.333,55.067],[8.392,55.069],[8.6,54.917],[9.65,54.8],[10.054,54.765],[10.5,54.658],[11.0,54.644],[11.167,54.603],[11.5,54.5],[11.667,54.464],[11.833,54.446],[12.0,54.45],[11.26,54.14],[11.158,53.581],[11.416,53.348],[11.135,52.998],[11.095,52.73],[11.07,52.38],[11.208,51.841],[10.7,51.567],[10.387,51.334],[8.907,51.333],[8.865,51.884],[8.577,51.894],[8.517,52.292],[8.4,52.326],[7.998,52.281],[7.064,52.238],[7.03,52.271],[7.026,52.29],[7.072,52.353],[7.069,52.382],[7.055,52.401],[7.036,52.404],[6.989,52.469],[6.946,52.436],[6.854,52.451],[6.853,52.46],[6.772,52.46],[6.697,52.486],[6.705,52.522],[6.681,52.553],[6.716,52.549],[6.726,52.563],[6.768,52.562],[6.719,52.589],[6.727,52.615],[6.71,52.628],[6.751,52.647],[6.903,52.649],[6.94,52.638],[6.985,52.645],[7.042,52.633],[7.056,52.644],[7.071,52.81],[7.093,52.838],[7.087,52.85],[7.181,52.94],[7.214,53.006],[7.202,53.113],[7.184,53.123],[7.179,53.138],[7.218,53.208],[7.192,53.299],[7.025,53.315],[6.991,53.338],[6.923,53.423],[6.82,53.493],[6.683,53.517],[6.603,53.558],[6.5,53.667],[6.5,55.0]]]}},{"type":"Feature","properties":{"id":"EDXX","name":"Langen Information - FIS only","prefixes":["EDXX_FIS"],"label":[10.1,51.5]},"geometry":{"type":"Polygon","coordinates":[[[6.998,52.228],[6.953,52.181],[6.911,52.177],[6.853,52.119],[6.761,52.119],[6.737,52.075],[6.695,52.07],[6.688,52.039],[6.714,52.04],[6.751,52.029],[6.828,51.992],[6.829,51.966],[6.799,51.96],[6.797,51.942],[6.77,51.917],[6.723,51.897],[6.683,51.917],[6.472,51.854],[6.451,51.865],[6.391,51.873],[6.387,51.863],[6.408,51.854],[6.404,51.828],[6.354,51.849],[6.311,51.85],[6.277,51.874],[6.216,51.868],[6.182,51.886],[6.191,51.888],[6.151,51.904],[6.104,51.893],[6.167,51.862],[6.167,51.841],[6.105,51.849],[6.064,51.865],[6.054,51.852],[5.993,51.831],[5.963,51.837],[5.991,51.766],[5.952,51.749],[5.955,51.738],[5.994,51.738],[6.045,51.717],[6.028,51.711],[6.031,51.676],[6.116,51.652],[6.091,51.606],[6.158,51.566],[6.177,51.538],[6.211,51.514],[6.213,51.491],[6.224,51.474],[6.204,51.401],[6.227,51.4],[6.215,51.39],[6.226,51.36],[6.169,51.333],[6.125,51.275],[6.072,51.242],[6.086,51.223],[6.068,51.221],[6.073,51.181],[6.084,51.171],[6.107,51.172],[6.165,51.194],[6.18,51.186],[6.141,51.173],[6.174,51.159],[6.091,51.133],[6.05,51.105],[5.998,51.082],[5.957,51.039],[5.934,51.038],[5.913,51.067],[5.888,51.053],[5.863,51.052],[5.88,51.015],[5.902,51.002],[5.895,50.977],[5.953,50.99],[5.965,50.981],[6.024,50.985],[6.008,50.959],[6.02,50.937],[6.091,50.919],[6.077,50.896],[6.089,50.871],[6.073,50.848],[6.052,50.854],[6.018,50.845],[6.025,50.816],[6.005,50.802],[5.984,50.808],[5.976,50.798],[6.024,50.775],[6.021,50.754],[6.05,50.722],[6.119,50.718],[6.193,50.627],[6.277,50.623],[6.25,50.583],[6.2,50.55],[6.25,50.483],[6.35,50.467],[6.383,50.433],[6.408,50.333],[6.3,50.317],[6.15,50.15],[6.133,50.05],[6.333,49.85],[6.517,49.817],[6.5,49.75],[6.383,49.6],[6.35,49.467],[6.417,49.467],[6.517,49.417],[6.733,49.15],[6.85,49.15],[6.85,49.217],[6.9,49.2],[7.0,49.233],[7.05,49.117],[7.117,49.15],[7.217,49.117],[7.467,49.167],[7.517,49.117],[7.683,49.05],[7.817,49.067],[7.883,49.033],[8.0,49.017],[8.217,48.967],[8.083,48.817],[7.967,48.767],[7.9,48.667],[7.8,48.6],[7.798,48.506],[7.733,48.367],[7.746,48.328],[7.658,48.217],[7.57,48.083],[7.967,48.1],[8.321,48.17],[9.55,48.167],[9.55,47.8],[9.733,47.534],[10.287,47.323],[10.553,47.55],[11.138,47.392],[11.476,47.571],[12.05,47.62],[12.81,47.7],[12.66,47.94],[12.54,48.03],[12.71,48.15],[12.68,48.24],[13.08,48.26],[13.18,48.29],[13.76,48.8],[12.52,49.7],[12.45,49.78],[12.33,50.18],[12.36,50.3],[14.77,51.01],[15.0,51.017],[15.033,51.3],[14.933,51.483],[14.833,51.5],[14.75,51.567],[14.767,51.633],[14.617,51.833],[14.717,51.933],[14.75,52.083],[14.683,52.15],[14.7,52.25],[14.583,52.3],[14.567,52.433],[14.6,52.583],[14.383,52.75],[14.15,52.85],[14.167,52.967],[14.333,53.05],[14.433,53.25],[14.417,53.317],[14.383,53.55],[14.333,53.583],[14.3,53.617],[14.226,53.928],[14.242,53.988],[14.201,54.126],[14.255,54.127],[14.325,54.667],[13.761,54.917],[12.85,54.917],[12.0,54.45],[11.833,54.446],[11.667,54.464],[11.5,54.5],[11.167,54.603],[11.0,54.644],[10.5,54.658],[10.054,54.765],[9.65,54.8],[8.6,54.917],[8.392,55.069],[8.333,55.067],[8.0,55.0],[6.5,55.0],[6.5,53.667],[6.603,53.558],[6.683,53.517],[6.82,53.493],[6.923,53.423],[6.991,53.338],[7.025,53.315],[7.192,53.299],[7.218,53.208],[7.179,53.138],[7.184,53.123],[7.202,53.113],[7.214,53.006],[7.181,52.94],[7.087,52.85],[7.093,52.838],[7.071,52.81],[7.056,52.644],[7.042,52.633],[6.985,52.645],[6.94,52.638],[6.903,52.649],[6.751,52.647],[6.71,52.628],[6.727,52.615],[6.719,52.589],[6.768,52.562],[6.726,52.563],[6.716,52.549],[6.681,52.553],[6.705,52.522],[6.697,52.486],[6.772,52.46],[6.853,52.46],[6.854,52.451],[6.946,52.436],[6.989,52.469],[7.036,52.404],[7.055,52.401],[7.069,52.382],[7.072,52.353],[7.026,52.29],[7.03,52.271],[7.064,52.238],[7.038,52.227],[6.998,52.228]]]}},{"type":"Feature","properties":{"id":"EETT","name":"Tallinn","prefixes":["EETT"],"label":[24.438055,58.709167]},"geometry":{"type":"Polygon","coordinates":[[[28.192,59.403],[28.207,59.388],[28.211,59.371],[28.159,59.323],[28.18,59.311],[28.122,59.293],[28.045,59.292],[27.942,59.269],[27.916,59.254],[27.889,59.22],[27.889,59.186],[27.814,59.143],[27.801,59.125],[27.77,59.066],[27.771,59.051],[27.731,59.019],[27.726,58.985],[27.651,58.958],[27.616,58.932],[27.59,58.894],[27.468,58.843],[27.383,58.8],[27.36,58.78],[27.549,58.382],[27.495,58.303],[27.481,58.215],[27.586,58.113],[27.613,58.016],[27.635,58.001],[27.672,58.005],[27.695,57.997],[27.699,57.978],[27.686,57.963],[27.685,57.946],[27.702,57.928],[27.75,57.912],[27.813,57.903],[27.81,57.889],[27.828,57.884],[27.829,57.862],[27.797,57.833],[27.767,57.827],[27.739,57.827],[27.721,57.839],[27.56,57.83],[27.509,57.797],[27.508,57.778],[27.536,57.744],[27.542,57.726],[27.524,57.705],[27.492,57.713],[27.434,57.705],[27.408,57.685],[27.388,57.665],[27.382,57.648],[27.4,57.633],[27.383,57.6],[27.328,57.576],[27.333,57.521],[26.91,57.61],[26.53,57.51],[25.916,57.854],[25.15,58.09],[24.367,57.883],[24.357,57.874],[24.261,57.917],[24.209,57.899],[23.601,57.899],[23.649,57.783],[23.582,57.67],[23.406,57.594],[23.181,57.586],[22.999,57.702],[22.707,57.941],[22.584,57.928],[22.143,57.779],[21.916,57.749],[21.717,57.787],[21.613,57.895],[21.483,58.117],[20.643,58.413],[21.0,59.0],[24.85,59.883],[25.333,59.908],[25.867,59.883],[27.637,59.612],[28.099,59.457],[28.16,59.413],[28.192,59.403]]]}},{"type":"Feature","properties":{"id":"EFIN","name":"Helsinki","prefixes":["EFIN"],"label":[23.8308,62.2461]},"geometry":{"type":"Polygon","coordinates":[[[20.667,63.475],[21.5,63.617],[22.917,64.683],[24.14,65.53],[23.907,66.159],[23.755,66.196],[23.639,66.437],[24.008,66.81],[23.587,67.168],[23.751,67.291],[23.766,67.424],[23.442,67.468],[23.498,67.868],[23.654,67.946],[23.304,68.147],[23.159,68.123],[23.148,68.239],[22.828,68.379],[22.135,68.471],[21.38,68.766],[21.964,69.083],[22.176,68.956],[22.192,68.919],[22.341,68.827],[22.375,68.717],[22.535,68.745],[22.801,68.688],[23.046,68.689],[23.168,68.629],[23.441,68.692],[23.674,68.706],[23.731,68.751],[23.775,68.819],[23.872,68.837],[23.983,68.827],[24.076,68.78],[24.159,68.79],[24.153,68.754],[24.208,68.745],[24.251,68.727],[24.608,68.682],[24.783,68.636],[24.857,68.562],[24.903,68.555],[24.916,68.605],[25.119,68.638],[25.108,68.681],[25.122,68.745],[25.146,68.793],[25.227,68.824],[25.239,68.842],[25.469,68.904],[25.609,68.88],[25.773,69.016],[25.723,69.081],[25.743,69.141],[25.706,69.188],[25.701,69.25],[25.742,69.275],[25.735,69.295],[25.758,69.339],[25.812,69.361],[25.843,69.399],[25.8,69.421],[25.834,69.469],[25.863,69.475],[25.864,69.483],[25.845,69.49],[25.879,69.528],[25.839,69.543],[25.842,69.552],[25.93,69.57],[25.971,69.603],[25.955,69.648],[25.906,69.667],[25.953,69.694],[29.169,69.643],[29.333,69.483],[29.195,69.398],[28.832,69.224],[28.83,69.172],[28.805,69.111],[28.855,69.077],[28.929,69.052],[28.423,68.914],[28.466,68.886],[28.66,68.888],[28.8,68.867],[28.703,68.732],[28.433,68.541],[28.644,68.197],[29.336,68.069],[29.659,67.804],[30.007,67.671],[29.929,67.525],[29.551,67.311],[29.038,66.954],[29.035,66.922],[29.059,66.849],[29.475,66.542],[29.704,66.272],[29.922,66.126],[30.102,65.824],[30.137,65.67],[30.004,65.696],[29.716,65.636],[29.862,65.561],[29.729,65.474],[29.735,65.343],[29.596,65.263],[29.637,65.232],[29.76,65.231],[29.881,65.21],[29.896,65.193],[29.817,65.145],[29.9,65.103],[29.735,65.093],[29.627,65.061],[29.611,64.93],[29.648,64.865],[29.741,64.791],[30.037,64.794],[30.094,64.77],[30.034,64.736],[30.15,64.639],[29.99,64.596],[29.987,64.538],[30.058,64.453],[30.047,64.401],[30.125,64.359],[30.212,64.351],[30.482,64.262],[30.511,64.221],[30.466,64.205],[30.549,64.133],[30.517,64.032],[30.323,63.921],[30.249,63.822],[29.972,63.757],[30.48,63.469],[30.781,63.406],[31.239,63.218],[31.267,63.107],[31.446,63.032],[31.589,62.908],[31.446,62.791],[31.374,62.665],[31.195,62.47],[30.738,62.229],[30.242,61.912],[30.157,61.86],[30.07,61.819],[30.042,61.768],[29.832,61.662],[29.736,61.574],[29.586,61.494],[29.496,61.492],[29.502,61.465],[29.33,61.353],[29.24,61.272],[28.958,61.152],[28.82,61.124],[28.807,61.096],[28.73,61.055],[28.656,60.952],[28.529,60.956],[27.893,60.618],[27.783,60.538],[27.747,60.451],[27.685,60.433],[27.726,60.392],[27.457,60.223],[27.293,60.2],[26.55,60.133],[25.867,59.883],[25.333,59.908],[24.85,59.883],[21.0,59.0],[19.983,59.563],[19.087,60.192],[19.132,60.301],[19.5,61.667],[20.167,63.167],[20.667,63.475]]]}},{"type":"Feature","properties":{"id":"EFIN-C","name":"Helsinki ACC (C)","prefixes":["EFIN_C"],"label":[23.9358,60.9021]},"geometry":{"type":"Polygon","coordinates":[[[22.917,64.683],[23.89,64.338],[25.406,63.834],[29.627,65.061],[29.611,64.93],[29.648,64.865],[29.741,64.791],[30.037,64.794],[30.094,64.77],[30.034,64.736],[30.15,64.639],[29.99,64.596],[29.987,64.538],[30.058,64.453],[30.047,64.401],[30.125,64.359],[30.212,64.351],[30.482,64.262],[30.511,64.221],[30.466,64.205],[30.549,64.133],[30.517,64.032],[30.323,63.921],[30.249,63.822],[29.972,63.757],[30.48,63.469],[30.781,63.406],[31.239,63.218],[31.267,63.107],[31.446,63.032],[31.589,62.908],[31.446,62.791],[31.374,62.665],[31.195,62.47],[30.738,62.229],[30.242,61.912],[30.157,61.86],[30.07,61.819],[30.042,61.768],[29.832,61.662],[29.736,61.574],[29.586,61.494],[29.496,61.492],[29.503,61.461],[29.33,61.353],[29.24,61.272],[28.958,61.152],[28.82,61.124],[28.807,61.096],[28.73,61.055],[28.656,60.952],[28.529,60.956],[27.893,60.618],[27.783,60.538],[27.747,60.451],[27.685,60.433],[27.726,60.392],[27.457,60.223],[27.293,60.2],[26.55,60.133],[25.867,59.883],[25.333,59.908],[24.85,59.883],[21.0,59.0],[19.983,59.563],[19.087,60.192],[19.132,60.301],[19.5,61.667],[20.167,63.167],[20.667,63.475],[21.5,63.617],[22.917,64.683]]]}},{"type":"Feature","properties":{"id":"EKDK","name":"Kobenhavn","prefixes":["EKDK"],"label":[8.949445,56.472916]},"geometry":{"type":"Polygon","coordinates":[[[10.5,58.5],[11.766,56.986],[12.069,56.6],[12.44,56.164],[12.641,56.059],[12.657,56.033],[12.641,55.931],[12.695,55.87],[12.709,55.83],[12.899,55.641],[12.88,55.605],[12.741,55.549],[12.715,55.496],[12.607,55.419],[12.641,55.337],[12.85,54.917],[12.0,54.45],[11.833,54.446],[11.667,54.464],[11.5,54.5],[11.167,54.603],[11.0,54.644],[10.5,54.658],[10.054,54.765],[9.65,54.8],[8.6,54.917],[8.392,55.069],[8.333,55.067],[8.0,55.0],[5.0,55.0],[4.536,54.5],[4.333,54.645],[4.0,55.048],[3.5,55.854],[3.5,56.51],[4.499,57.333],[5.0,57.0],[7.5,57.0],[9.525,58.033],[10.5,58.5]]]}},{"type":"Feature","properties":{"id":"EKDK-E","name":"Kobenhavn (East)","prefixes":["EKDK_A","EKDK_B","EKDK_C","EKDK_D","EKDK_E","EKDK_I","EKDK_UA","EKDK_UC"],"label":[10.6085,55.4116]},"geometry":{"type":"Polygon","coordinates":[[[11.956,56.523],[12.069,56.6],[12.44,56.164],[12.641,56.059],[12.657,56.033],[12.641,55.931],[12.695,55.87],[12.709,55.83],[12.899,55.641],[12.88,55.605],[12.741,55.549],[12.715,55.496],[12.607,55.419],[12.641,55.337],[12.85,54.917],[12.0,54.45],[11.833,54.446],[11.667,54.464],[11.5,54.5],[11.167,54.603],[11.0,54.644],[10.5,54.658],[10.054,54.765],[9.65,54.8],[8.6,54.917],[9.415,55.774],[9.527,56.15],[10.119,56.468],[11.271,56.359],[11.956,56.523]]]}},{"type":"Feature","properties":{"id":"EKDK-L","name":"Kobenhavn (West Low)","prefixes":["EKDK_L"],"label":[10.093472222222221,56.79636111111112]},"geometry":{"type":"Polygon","coordinates":[[[10.5,58.5],[11.766,56.986],[12.069,56.6],[11.956,56.523],[11.271,56.359],[10.119,56.469],[9.527,56.15],[9.415,55.774],[8.078,56.088],[7.5,57.0],[9.525,58.033],[10.5,58.5]]]}},{"type":"Feature","properties":{"id":"EKDK-W","name":"Kobenhavn (West)","prefixes":["EKDK_N","EKDK_V"],"label":[6.872173826086955,56.010350231884054]},"geometry":{"type":"Polygon","coordinates":[[[10.5,58.5],[11.766,56.986],[12.069,56.6],[11.956,56.523],[12.027,56.345],[10.58,55.673],[9.415,55.774],[8.6,54.917],[8.392,55.069],[8.333,55.067],[8.0,55.0],[5.0,55.0],[4.536,54.5],[4.333,54.645],[4.0,55.048],[3.5,55.854],[3.5,56.51],[4.499,57.333],[5.0,57.0],[7.5,57.0],[9.525,58.033],[10.5,58.5]]]}},{"type":"Feature","properties":{"id":"ENOR","name":"Polaris","prefixes":["ENOR"],"label":[9.455475,62.525969]},"geometry":{"type":"Polygon","coordinates":[[[12.516,60.6],[12.582,60.551],[12.606,60.513],[12.606,60.406],[12.545,60.347],[12.499,60.324],[12.504,60.281],[12.542,60.193],[12.497,60.095],[12.449,60.039],[12.396,60.016],[12.341,59.966],[12.231,59.928],[12.174,59.89],[12.126,59.894],[12.053,59.886],[11.985,59.901],[11.923,59.883],[11.921,59.874],[11.887,59.872],[11.881,59.868],[11.888,59.859],[11.84,59.841],[11.904,59.812],[11.931,59.775],[11.94,59.695],[11.889,59.693],[11.856,59.649],[11.779,59.643],[11.721,59.625],[11.698,59.609],[11.691,59.59],[11.729,59.511],[11.747,59.491],[11.76,59.458],[11.761,59.429],[11.774,59.414],[11.78,59.386],[11.816,59.345],[11.83,59.242],[11.787,59.21],[11.776,59.166],[11.778,59.136],[11.765,59.117],[11.778,59.101],[11.776,59.087],[11.711,59.034],[11.682,58.948],[11.659,58.927],[11.652,58.906],[11.63,58.908],[11.591,58.891],[11.578,58.897],[11.57,58.889],[11.553,58.898],[11.525,58.877],[11.488,58.891],[11.456,58.889],[11.464,58.933],[11.462,58.973],[11.454,58.985],[11.465,58.991],[11.414,59.04],[11.368,59.098],[11.34,59.115],[11.289,59.1],[11.154,59.079],[11.117,59.015],[11.066,58.977],[10.918,58.942],[10.639,58.892],[10.5,58.5],[9.525,58.033],[7.5,57.0],[5.0,57.0],[4.499,57.333],[1.654,59.084],[0.0,60.0],[0.0,63.25],[4.053,63.054],[4.61,63.611],[5.181,64.158],[5.566,64.514],[6.267,65.133],[7.0,65.75],[7.708,66.211],[8.24,66.545],[9.422,67.25],[10.206,67.691],[10.969,68.101],[12.65,68.945],[14.041,69.586],[15.0,70.0],[17.255,70.366],[18.088,70.491],[19.507,70.667],[22.228,71.034],[25.0,71.333],[28.0,71.333],[30.0,71.0],[31.717,70.367],[30.817,69.794],[30.853,69.769],[30.851,69.761],[30.867,69.758],[30.861,69.753],[30.872,69.756],[30.873,69.742],[30.89,69.737],[30.885,69.731],[30.893,69.729],[30.891,69.72],[30.874,69.715],[30.899,69.703],[30.891,69.701],[30.945,69.683],[30.946,69.674],[30.923,69.669],[30.934,69.648],[30.954,69.632],[30.949,69.602],[30.939,69.597],[30.947,69.591],[30.939,69.561],[30.816,69.529],[30.664,69.541],[30.516,69.54],[30.418,69.59],[30.224,69.653],[30.151,69.669],[30.085,69.658],[30.091,69.643],[30.137,69.643],[30.152,69.609],[30.18,69.585],[30.188,69.566],[30.174,69.535],[30.122,69.516],[30.112,69.467],[30.077,69.454],[30.032,69.423],[29.989,69.411],[29.941,69.405],[29.915,69.419],[29.861,69.424],[29.787,69.398],[29.723,69.389],[29.694,69.363],[29.571,69.318],[29.538,69.317],[29.523,69.329],[29.486,69.322],[29.392,69.322],[29.292,69.297],[29.277,69.275],[29.278,69.256],[29.312,69.238],[29.313,69.229],[29.301,69.217],[29.306,69.21],[29.293,69.207],[29.289,69.179],[29.248,69.161],[29.257,69.154],[29.24,69.139],[29.244,69.129],[29.231,69.122],[29.242,69.113],[29.041,69.011],[29.02,69.025],[28.855,69.077],[28.805,69.111],[28.83,69.172],[28.832,69.224],[29.195,69.398],[29.333,69.483],[29.169,69.643],[25.953,69.694],[25.906,69.667],[25.955,69.648],[25.971,69.603],[25.93,69.57],[25.842,69.552],[25.839,69.543],[25.879,69.528],[25.845,69.49],[25.864,69.483],[25.863,69.475],[25.834,69.469],[25.8,69.421],[25.843,69.399],[25.812,69.361],[25.758,69.339],[25.735,69.295],[25.742,69.275],[25.701,69.25],[25.706,69.188],[25.743,69.141],[25.723,69.081],[25.773,69.016],[25.609,68.88],[25.469,68.904],[25.239,68.842],[25.227,68.824],[25.146,68.793],[25.122,68.745],[25.108,68.681],[25.119,68.638],[24.916,68.605],[24.903,68.555],[24.857,68.562],[24.783,68.636],[24.608,68.682],[24.251,68.727],[24.208,68.745],[24.153,68.754],[24.159,68.79],[24.076,68.78],[23.983,68.827],[23.872,68.837],[23.775,68.819],[23.731,68.751],[23.674,68.706],[23.441,68.692],[23.168,68.629],[23.046,68.689],[22.801,68.688],[22.535,68.745],[22.375,68.717],[22.341,68.827],[22.192,68.919],[22.176,68.956],[21.964,69.083],[21.38,68.766],[21.311,68.772],[21.233,68.82],[21.091,68.867],[21.062,68.884],[21.011,68.895],[20.91,68.893],[20.861,68.936],[20.911,68.951],[20.918,68.962],[20.913,68.975],[20.814,69.027],[20.773,69.04],[20.549,69.06],[20.06,69.046],[20.307,68.926],[20.336,68.802],[20.203,68.666],[20.052,68.591],[19.938,68.558],[20.026,68.531],[20.226,68.491],[19.981,68.39],[19.921,68.356],[19.0,68.514],[18.621,68.507],[18.406,68.582],[18.126,68.536],[18.101,68.406],[18.151,68.199],[17.9,67.969],[17.667,68.038],[17.448,68.084],[15.504,66.086],[15.036,66.154],[14.516,66.133],[14.573,65.958],[14.584,65.901],[14.625,65.812],[14.541,65.701],[14.499,65.516],[13.957,64.843],[13.705,64.64],[13.654,64.58],[13.734,64.556],[13.376,64.08],[13.211,64.095],[12.927,64.058],[12.683,63.974],[12.33,63.715],[12.299,63.672],[12.15,63.594],[12.213,63.479],[11.974,63.269],[12.218,63.0],[12.075,62.903],[12.136,62.748],[12.056,62.612],[12.299,62.266],[12.22,62.0],[12.569,61.569],[12.871,61.356],[12.834,61.258],[12.79,61.197],[12.707,61.143],[12.681,61.06],[12.511,60.642],[12.516,60.6]]]}},{"type":"Feature","properties":{"id":"ENOR-S","name":"Polaris (South)","prefixes":["ENOR_S","ENRC_S"],"label":[7.3,59.8]},"geometry":{"type":"Polygon","coordinates":[[[4.053,63.054],[5.205,62.557],[5.817,62.317],[6.573,62.0],[7.829,61.566],[8.428,61.898],[8.825,62.0],[12.22,62.0],[12.569,61.569],[12.871,61.356],[12.834,61.258],[12.79,61.197],[12.707,61.143],[12.681,61.06],[12.511,60.642],[12.516,60.6],[12.582,60.551],[12.606,60.513],[12.606,60.406],[12.545,60.347],[12.499,60.324],[12.504,60.281],[12.542,60.193],[12.497,60.095],[12.449,60.039],[12.396,60.016],[12.341,59.966],[12.231,59.928],[12.174,59.89],[12.126,59.894],[12.053,59.886],[11.985,59.901],[11.923,59.883],[11.921,59.874],[11.887,59.872],[11.881,59.868],[11.888,59.859],[11.84,59.841],[11.904,59.812],[11.931,59.775],[11.94,59.695],[11.889,59.693],[11.856,59.649],[11.779,59.643],[11.721,59.625],[11.698,59.609],[11.691,59.59],[11.729,59.511],[11.747,59.491],[11.76,59.458],[11.761,59.429],[11.774,59.414],[11.78,59.386],[11.816,59.345],[11.83,59.242],[11.787,59.21],[11.776,59.166],[11.778,59.136],[11.765,59.117],[11.778,59.101],[11.776,59.087],[11.711,59.034],[11.682,58.948],[11.659,58.927],[11.652,58.906],[11.63,58.908],[11.591,58.891],[11.578,58.897],[11.57,58.889],[11.553,58.898],[11.525,58.877],[11.488,58.891],[11.456,58.889],[11.464,58.933],[11.462,58.973],[11.454,58.985],[11.465,58.991],[11.414,59.04],[11.368,59.098],[11.34,59.115],[11.289,59.1],[11.154,59.079],[11.117,59.015],[11.066,58.977],[10.918,58.942],[10.639,58.892],[10.5,58.5],[9.525,58.033],[7.5,57.0],[5.0,57.0],[4.499,57.333],[1.654,59.084],[0.0,60.0],[0.0,63.25],[4.053,63.054]]]}},{"type":"Feature","properties":{"id":"ENOR-SC","name":"Polaris (South-Central)","prefixes":["ENOR_SC"],"label":[8.17,61.28]},"geometry":{"type":"Polygon","coordinates":[[[4.053,63.054],[4.61,63.611],[5.181,64.158],[5.566,64.514],[6.696,64.362],[8.091,64.16],[9.122,64.0],[11.437,63.588],[12.172,63.441],[11.974,63.269],[12.218,63.0],[12.075,62.903],[12.136,62.748],[12.056,62.612],[12.299,62.266],[12.22,62.0],[12.569,61.569],[12.871,61.356],[12.834,61.258],[12.79,61.197],[12.707,61.143],[12.681,61.06],[12.511,60.642],[12.516,60.6],[12.582,60.551],[12.606,60.513],[12.606,60.406],[12.545,60.347],[12.499,60.324],[12.504,60.281],[12.542,60.193],[12.497,60.095],[12.449,60.039],[12.396,60.016],[12.341,59.966],[12.231,59.928],[12.174,59.89],[12.126,59.894],[12.053,59.886],[11.985,59.901],[11.923,59.883],[11.921,59.874],[11.887,59.872],[11.881,59.868],[11.888,59.859],[11.84,59.841],[11.904,59.812],[11.931,59.775],[11.94,59.695],[11.889,59.693],[11.856,59.649],[11.779,59.643],[11.721,59.625],[11.698,59.609],[11.691,59.59],[11.729,59.511],[11.747,59.491],[11.76,59.458],[11.761,59.429],[11.774,59.414],[11.78,59.386],[11.816,59.345],[11.83,59.242],[11.787,59.21],[11.776,59.166],[11.778,59.136],[11.765,59.117],[11.778,59.101],[11.776,59.087],[11.711,59.034],[11.682,58.948],[11.659,58.927],[11.652,58.906],[11.63,58.908],[11.591,58.891],[11.578,58.897],[11.57,58.889],[11.553,58.898],[11.525,58.877],[11.488,58.891],[11.456,58.889],[11.464,58.933],[11.462,58.973],[11.454,58.985],[11.465,58.991],[11.414,59.04],[11.368,59.098],[11.34,59.115],[11.289,59.1],[11.154,59.079],[11.117,59.015],[11.066,58.977],[10.918,58.942],[10.639,58.892],[10.5,58.5],[9.525,58.033],[7.5,57.0],[5.0,57.0],[4.499,57.333],[1.654,59.084],[0.0,60.0],[0.0,63.25],[4.053,63.054]]]}},{"type":"Feature","properties":{"id":"ENOS","name":"Oslo ACC - Polaris","prefixes":["ENOS"],"label":[9.432621,59.5]},"geometry":{"type":"Polygon","coordinates":[[[8.825,62.0],[8.428,61.898],[7.779,61.538],[7.683,61.029],[7.112,60.672],[7.112,60.363],[7.406,60.307],[7.981,60.294],[8.295,60.249],[8.297,59.595],[7.5,59.4],[7.5,58.742],[7.89,58.508],[6.374,57.303],[6.547,57.0],[7.5,57.0],[9.525,58.033],[10.5,58.5],[10.639,58.892],[10.918,58.942],[11.066,58.977],[11.117,59.015],[11.154,59.079],[11.289,59.1],[11.34,59.115],[11.368,59.098],[11.414,59.04],[11.465,58.991],[11.454,58.985],[11.462,58.973],[11.464,58.933],[11.456,58.889],[11.488,58.891],[11.525,58.877],[11.553,58.898],[11.57,58.889],[11.578,58.897],[11.591,58.891],[11.63,58.908],[11.652,58.906],[11.659,58.927],[11.682,58.948],[11.711,59.034],[11.776,59.087],[11.778,59.101],[11.765,59.117],[11.778,59.136],[11.776,59.166],[11.787,59.21],[11.83,59.242],[11.816,59.345],[11.78,59.386],[11.774,59.414],[11.761,59.429],[11.76,59.458],[11.747,59.491],[11.729,59.511],[11.691,59.59],[11.698,59.609],[11.721,59.625],[11.779,59.643],[11.856,59.649],[11.889,59.693],[11.94,59.695],[11.931,59.775],[11.904,59.812],[11.84,59.841],[11.888,59.859],[11.881,59.868],[11.887,59.872],[11.921,59.874],[11.923,59.883],[11.985,59.901],[12.053,59.886],[12.126,59.894],[12.174,59.89],[12.231,59.928],[12.341,59.966],[12.396,60.016],[12.449,60.039],[12.497,60.095],[12.542,60.193],[12.504,60.281],[12.499,60.324],[12.545,60.347],[12.606,60.406],[12.606,60.513],[12.582,60.551],[12.516,60.6],[12.511,60.642],[12.681,61.06],[12.707,61.143],[12.79,61.197],[12.834,61.258],[12.871,61.356],[12.569,61.569],[12.22,62.0],[8.825,62.0]]]}},{"type":"Feature","properties":{"id":"ENOS-1","name":"Oslo ACC (Sector 1) - Polaris","prefixes":["ENOS_1"],"label":[11.83,60.9]},"geometry":{"type":"Polygon","coordinates":[[[11.167,62.0],[12.22,62.0],[12.569,61.569],[12.871,61.356],[12.834,61.258],[12.79,61.197],[12.707,61.143],[12.681,61.06],[12.511,60.642],[12.516,60.6],[12.582,60.551],[12.606,60.513],[12.606,60.406],[12.545,60.347],[12.499,60.324],[12.504,60.281],[12.542,60.193],[12.497,60.095],[12.449,60.039],[12.396,60.016],[12.341,59.966],[12.231,59.928],[12.208,59.913],[11.367,59.962],[10.952,60.014],[11.179,60.37],[10.933,60.364],[11.048,60.58],[11.188,61.177],[11.167,61.7],[11.167,62.0]]]}},{"type":"Feature","properties":{"id":"ENOS-2","name":"Oslo ACC (Sector 2) - Poaris","prefixes":["ENOS_2"],"label":[11.8,60.14]},"geometry":{"type":"Polygon","coordinates":[[[11.179,60.37],[12.579,60.38],[12.545,60.347],[12.499,60.324],[12.504,60.281],[12.542,60.193],[12.497,60.095],[12.449,60.039],[12.396,60.016],[12.341,59.966],[12.231,59.928],[12.208,59.913],[11.367,59.962],[10.952,60.014],[11.179,60.37]]]}},{"type":"Feature","properties":{"id":"ENOS-3","name":"Oslo ACC (Sector 3) - Polaris","prefixes":["ENOS_3"],"label":[11.47,59.41]},"geometry":{"type":"Polygon","coordinates":[[[10.829,58.926],[10.883,59.212],[11.122,59.474],[11.367,59.962],[12.208,59.913],[12.174,59.89],[12.155,59.887],[12.126,59.894],[12.053,59.886],[11.985,59.901],[11.923,59.883],[11.921,59.874],[11.887,59.872],[11.881,59.868],[11.888,59.859],[11.84,59.841],[11.904,59.812],[11.931,59.775],[11.94,59.695],[11.889,59.693],[11.856,59.649],[11.779,59.643],[11.721,59.625],[11.698,59.609],[11.691,59.59],[11.729,59.511],[11.747,59.491],[11.76,59.458],[11.761,59.429],[11.774,59.414],[11.78,59.386],[11.816,59.345],[11.83,59.242],[11.787,59.21],[11.776,59.166],[11.778,59.136],[11.765,59.117],[11.778,59.101],[11.776,59.087],[11.711,59.034],[11.682,58.948],[11.659,58.927],[11.652,58.906],[11.63,58.908],[11.591,58.891],[11.578,58.897],[11.57,58.889],[11.553,58.898],[11.525,58.877],[11.488,58.891],[11.456,58.889],[11.464,58.933],[11.462,58.973],[11.454,58.985],[11.465,58.991],[11.414,59.04],[11.368,59.098],[11.34,59.115],[11.289,59.1],[11.154,59.079],[11.117,59.015],[11.066,58.977],[10.829,58.926]]]}},{"type":"Feature","properties":{"id":"ENOS-4","name":"Oslo ACC (Sector 4) - Polaris","prefixes":["ENOS_4"],"label":[10.6,59.35]},"geometry":{"type":"Polygon","coordinates":[[[9.525,58.033],[9.667,58.583],[9.314,58.806],[9.992,59.249],[10.3,59.604],[10.412,59.95],[10.449,60.028],[10.952,60.014],[11.367,59.962],[12.208,59.913],[12.174,59.89],[12.155,59.887],[12.126,59.894],[12.053,59.886],[11.985,59.901],[11.923,59.883],[11.921,59.874],[11.887,59.872],[11.881,59.868],[11.888,59.859],[11.84,59.841],[11.904,59.812],[11.931,59.775],[11.94,59.695],[11.889,59.693],[11.856,59.649],[11.779,59.643],[11.721,59.625],[11.698,59.609],[11.691,59.59],[11.729,59.511],[11.747,59.491],[11.76,59.458],[11.761,59.429],[11.774,59.414],[11.78,59.386],[11.816,59.345],[11.83,59.242],[11.787,59.21],[11.776,59.166],[11.778,59.136],[11.765,59.117],[11.778,59.101],[11.776,59.087],[11.711,59.034],[11.682,58.948],[11.659,58.927],[11.652,58.906],[11.63,58.908],[11.591,58.891],[11.578,58.897],[11.57,58.889],[11.553,58.898],[11.525,58.877],[11.488,58.891],[11.456,58.889],[11.464,58.933],[11.462,58.973],[11.454,58.985],[11.465,58.991],[11.414,59.04],[11.368,59.098],[11.34,59.115],[11.289,59.1],[11.154,59.079],[11.117,59.015],[11.066,58.977],[10.918,58.942],[10.639,58.892],[10.5,58.5],[9.525,58.033]]]}},{"type":"Feature","properties":{"id":"ENOS-8","name":"Oslo ACC (Sector 8) - Polaris","prefixes":["ENOS_8"],"label":[8.2,57.93]},"geometry":{"type":"Polygon","coordinates":[[[7.5,58.926],[9.056,58.965],[9.667,58.583],[9.525,58.033],[7.5,57.0],[6.547,57.0],[6.374,57.303],[7.89,58.508],[7.5,58.742],[7.5,58.926]]]}},{"type":"Feature","properties":{"id":"ENOS-N","name":"Oslo ACC (North) - Polaris","prefixes":["ENOS_N"],"label":[9.27,60.29]},"geometry":{"type":"Polygon","coordinates":[[[8.825,62.0],[8.428,61.898],[7.779,61.538],[7.683,61.029],[7.112,60.672],[7.112,60.363],[7.406,60.307],[7.981,60.294],[8.295,60.249],[8.297,59.595],[9.689,59.922],[10.412,59.95],[10.449,60.028],[10.952,60.014],[11.367,59.962],[12.208,59.913],[12.231,59.928],[12.341,59.966],[12.396,60.016],[12.449,60.039],[12.497,60.095],[12.542,60.193],[12.504,60.281],[12.499,60.324],[12.545,60.347],[12.606,60.406],[12.606,60.513],[12.582,60.551],[12.516,60.6],[12.511,60.642],[12.681,61.06],[12.707,61.143],[12.79,61.197],[12.834,61.258],[12.871,61.356],[12.569,61.569],[12.22,62.0],[8.825,62.0]]]}},{"type":"Feature","properties":{"id":"ENOS-S","name":"Oslo ACC (South) - Polaris","prefixes":["ENOS_S"],"label":[9.16,59.45]},"geometry":{"type":"Polygon","coordinates":[[[12.208,59.913],[11.367,59.962],[10.952,60.014],[10.449,60.028],[10.412,59.95],[9.689,59.922],[9.0,59.764],[7.5,59.4],[7.5,58.742],[7.89,58.508],[6.374,57.303],[6.547,57.0],[7.5,57.0],[9.525,58.033],[10.5,58.5],[10.639,58.892],[10.918,58.942],[11.066,58.977],[11.117,59.015],[11.154,59.079],[11.289,59.1],[11.34,59.115],[11.368,59.098],[11.414,59.04],[11.465,58.991],[11.454,58.985],[11.462,58.973],[11.464,58.933],[11.456,58.889],[11.488,58.891],[11.525,58.877],[11.553,58.898],[11.57,58.889],[11.578,58.897],[11.591,58.891],[11.63,58.908],[11.652,58.906],[11.659,58.927],[11.682,58.948],[11.711,59.034],[11.776,59.087],[11.778,59.101],[11.765,59.117],[11.778,59.136],[11.776,59.166],[11.787,59.21],[11.83,59.242],[11.816,59.345],[11.78,59.386],[11.774,59.414],[11.761,59.429],[11.76,59.458],[11.747,59.491],[11.729,59.511],[11.691,59.59],[11.698,59.609],[11.721,59.625],[11.779,59.643],[11.856,59.649],[11.889,59.693],[11.94,59.695],[11.931,59.775],[11.904,59.812],[11.84,59.841],[11.888,59.859],[11.881,59.868],[11.887,59.872],[11.921,59.874],[11.923,59.883],[11.985,59.901],[12.053,59.886],[12.126,59.894],[12.155,59.887],[12.174,59.89],[12.208,59.913]]]}},{"type":"Feature","properties":{"id":"ENSV","name":"Stavanger ACC - Polaris","prefixes":["ENSV"],"label":[3.75,60.758034]},"geometry":{"type":"Polygon","coordinates":[[[0.0,63.25],[4.053,63.054],[5.205,62.557],[5.817,62.317],[6.573,62.0],[7.829,61.566],[7.779,61.538],[7.683,61.029],[7.112,60.672],[7.112,60.363],[7.406,60.307],[7.981,60.294],[8.295,60.249],[8.297,59.595],[7.5,59.4],[7.5,58.742],[7.89,58.508],[6.374,57.303],[6.547,57.0],[5.0,57.0],[4.499,57.333],[1.654,59.084],[0.0,60.0],[0.0,63.25]]]}},{"type":"Feature","properties":{"id":"ENSV-E","name":"Stavanger ACC (East) - Polaris","prefixes":["ENSV_13","ENSV_E"],"label":[6.8,59.59]},"geometry":{"type":"Polygon","coordinates":[[[7.5,58.926],[6.66,58.85],[6.207,59.685],[5.72,59.876],[5.86,60.551],[7.112,60.544],[7.112,60.363],[7.406,60.307],[7.981,60.294],[8.295,60.249],[8.297,59.595],[7.5,59.4],[7.5,58.926]]]}},{"type":"Feature","properties":{"id":"EPWW","name":"Warszawa","prefixes":["EPWW","EPWW_ALH","EPWW_ALL"],"label":[18.63849,51.9968]},"geometry":{"type":"Polygon","coordinates":[[[15.033,51.3],[14.933,51.483],[14.833,51.5],[14.75,51.567],[14.767,51.633],[14.617,51.833],[14.717,51.933],[14.75,52.083],[14.683,52.15],[14.7,52.25],[14.583,52.3],[14.567,52.433],[14.6,52.583],[14.383,52.75],[14.15,52.85],[14.167,52.967],[14.333,53.05],[14.433,53.25],[14.417,53.317],[14.383,53.55],[14.333,53.583],[14.3,53.617],[14.226,53.928],[14.242,53.988],[14.201,54.126],[14.255,54.127],[14.281,54.333],[15.056,54.263],[15.396,54.385],[15.719,54.685],[15.867,54.917],[16.236,55.134],[18.398,55.29],[19.407,54.603],[19.642,54.458],[21.467,54.317],[22.788,54.365],[22.817,54.394],[22.798,54.402],[22.85,54.417],[22.95,54.383],[23.0,54.383],[23.0,54.35],[23.067,54.35],[23.033,54.317],[23.1,54.3],[23.167,54.3],[23.2,54.283],[23.233,54.25],[23.367,54.217],[23.417,54.167],[23.5,54.133],[23.517,54.033],[23.467,53.983],[23.517,53.933],[23.55,53.85],[23.567,53.767],[23.6,53.75],[23.6,53.633],[23.817,53.25],[23.867,53.233],[23.867,53.2],[23.917,53.167],[23.883,53.083],[23.95,52.967],[23.933,52.933],[23.917,52.667],[23.567,52.6],[23.45,52.567],[23.167,52.283],[23.183,52.267],[23.183,52.233],[23.417,52.183],[23.483,52.183],[23.5,52.15],[23.65,52.083],[23.683,51.983],[23.65,51.95],[23.617,51.833],[23.633,51.8],[23.55,51.717],[23.55,51.6],[23.567,51.533],[23.617,51.5],[23.667,51.483],[23.65,51.45],[23.7,51.417],[23.65,51.333],[23.667,51.283],[23.733,51.267],[23.75,51.217],[23.867,51.15],[23.867,51.1],[23.917,51.067],[23.933,51.0],[23.983,50.95],[24.15,50.867],[24.083,50.833],[23.967,50.833],[23.967,50.767],[24.033,50.767],[24.033,50.717],[24.067,50.717],[24.1,50.633],[24.05,50.45],[23.917,50.417],[23.783,50.417],[23.717,50.383],[23.683,50.333],[23.583,50.283],[23.233,50.05],[22.667,49.533],[22.8,49.333],[22.8,49.3],[22.733,49.233],[22.8,49.133],[22.9,49.083],[22.833,49.017],[22.683,49.05],[22.583,49.1],[22.433,49.1],[22.383,49.15],[22.283,49.15],[22.033,49.217],[21.967,49.35],[21.833,49.383],[21.783,49.35],[21.633,49.45],[21.483,49.417],[21.283,49.45],[21.2,49.4],[21.133,49.433],[21.067,49.425],[21.1,49.367],[20.933,49.3],[20.833,49.333],[20.733,49.417],[20.65,49.409],[20.6,49.383],[20.467,49.417],[20.4,49.383],[20.317,49.4],[20.317,49.35],[20.217,49.35],[20.133,49.3],[20.067,49.183],[20.0,49.222],[19.917,49.233],[19.833,49.183],[19.759,49.216],[19.817,49.283],[19.783,49.4],[19.733,49.383],[19.65,49.4],[19.667,49.417],[19.617,49.433],[19.556,49.508],[19.45,49.6],[19.411,49.581],[19.367,49.533],[19.267,49.533],[19.2,49.417],[18.983,49.4],[18.983,49.5],[18.85,49.517],[18.817,49.683],[18.633,49.717],[18.517,49.9],[18.217,49.967],[18.2,50.0],[18.167,49.983],[18.033,50.067],[18.0,50.033],[18.05,50.033],[18.05,50.0],[18.0,50.017],[17.867,49.967],[17.788,50.021],[17.6,50.167],[17.75,50.2],[17.717,50.267],[17.75,50.3],[17.683,50.317],[17.617,50.25],[17.433,50.3],[17.367,50.267],[17.2,50.367],[16.917,50.433],[16.867,50.4],[17.017,50.283],[17.017,50.217],[16.95,50.233],[16.833,50.2],[16.7,50.1],[16.593,50.122],[16.55,50.217],[16.35,50.367],[16.2,50.433],[16.433,50.567],[16.333,50.65],[16.233,50.667],[16.2,50.617],[16.1,50.65],[16.033,50.6],[16.0,50.683],[15.867,50.667],[15.817,50.75],[15.75,50.733],[15.45,50.817],[15.4,50.767],[15.25,51.0],[15.0,51.017],[15.033,51.3]]]}},{"type":"Feature","properties":{"id":"EPWW-C","name":"Warszawa","prefixes":["EPWW_C"],"label":[19.1402328,51.5214892]},"geometry":{"type":"Polygon","coordinates":[[[18.173,52.652],[18.729,52.586],[19.131,52.527],[19.809,52.452],[19.841,52.437],[20.32,52.107],[20.23,51.496],[19.752,51.35],[19.144,51.064],[18.17,51.784],[18.173,52.652]]]}},{"type":"Feature","properties":{"id":"EPWW-D","name":"Warszawa","prefixes":["EPWW_D"],"label":[15.7666087,52.367704]},"geometry":{"type":"Polygon","coordinates":[[[17.238,51.718],[16.0,51.617],[14.833,51.5],[14.75,51.567],[14.767,51.633],[14.617,51.833],[14.717,51.933],[14.75,52.083],[14.683,52.15],[14.7,52.25],[14.583,52.3],[14.567,52.433],[14.6,52.583],[14.383,52.75],[16.577,53.188],[17.578,52.735],[18.173,52.652],[18.17,51.784],[17.238,51.718]]]}},{"type":"Feature","properties":{"id":"EPWW-DBF","name":"Warszawa","prefixes":["EPWW_DBF"],"label":[17.7038569,53.6129025]},"geometry":{"type":"Polygon","coordinates":[[[14.75,51.567],[14.833,51.5],[16.0,51.617],[17.238,51.718],[18.17,51.784],[18.173,52.652],[18.729,52.586],[19.131,52.527],[19.809,52.452],[20.328,52.704],[20.412,52.77],[20.5,53.0],[19.996,54.431],[19.642,54.458],[19.407,54.603],[18.398,55.29],[16.236,55.134],[15.867,54.917],[15.719,54.685],[15.396,54.385],[15.056,54.263],[14.281,54.333],[14.255,54.127],[14.201,54.126],[14.242,53.988],[14.226,53.928],[14.3,53.617],[14.333,53.583],[14.383,53.55],[14.417,53.317],[14.433,53.25],[14.333,53.05],[14.167,52.967],[14.15,52.85],[14.383,52.75],[14.6,52.583],[14.567,52.433],[14.583,52.3],[14.7,52.25],[14.683,52.15],[14.75,52.083],[14.717,51.933],[14.617,51.833],[14.767,51.633],[14.75,51.567]]]}},{"type":"Feature","properties":{"id":"EPWW-DBT","name":"Warszawa","prefixes":["EPWW_DBT"],"label":[17.1776853,52.0084719]},"geometry":{"type":"Polygon","coordinates":[[[18.033,50.067],[18.109,50.376],[18.247,50.526],[18.738,50.894],[19.144,51.064],[18.17,51.784],[18.173,52.652],[17.578,52.735],[16.577,53.188],[16.936,53.625],[17.237,54.006],[15.719,54.685],[15.396,54.385],[15.056,54.263],[14.281,54.333],[14.255,54.127],[14.201,54.126],[14.242,53.988],[14.226,53.928],[14.3,53.617],[14.333,53.583],[14.383,53.55],[14.417,53.317],[14.433,53.25],[14.333,53.05],[14.167,52.967],[14.15,52.85],[14.383,52.75],[14.6,52.583],[14.567,52.433],[14.583,52.3],[14.7,52.25],[14.683,52.15],[14.75,52.083],[14.717,51.933],[14.617,51.833],[14.767,51.633],[14.75,51.567],[14.833,51.5],[14.933,51.483],[15.033,51.3],[15.0,51.017],[15.25,51.0],[15.4,50.767],[15.45,50.817],[15.75,50.733],[15.818,50.748],[15.867,50.667],[16.0,50.683],[16.033,50.6],[16.1,50.65],[16.2,50.617],[16.233,50.667],[16.333,50.65],[16.433,50.567],[16.2,50.433],[16.35,50.367],[16.55,50.217],[16.593,50.122],[16.7,50.1],[16.833,50.2],[16.95,50.233],[17.017,50.217],[17.017,50.283],[16.867,50.4],[16.917,50.433],[17.2,50.367],[17.367,50.267],[17.433,50.3],[17.617,50.25],[17.683,50.317],[17.75,50.3],[17.717,50.267],[17.75,50.2],[17.6,50.167],[17.867,49.967],[18.0,50.017],[18.05,50.0],[18.05,50.033],[18.0,50.033],[18.033,50.067]]]}},{"type":"Feature","properties":{"id":"EPWW-DT","name":"Warszawa","prefixes":["EPWW_DT"],"label":[16.4721503,52.8686499]},"geometry":{"type":"Polygon","coordinates":[[[14.383,52.75],[14.6,52.583],[14.567,52.433],[14.583,52.3],[14.7,52.25],[14.683,52.15],[14.75,52.083],[14.717,51.933],[14.617,51.833],[14.767,51.633],[14.75,51.567],[14.833,51.5],[14.933,51.483],[15.033,51.3],[15.0,51.017],[15.25,51.0],[15.4,50.767],[15.45,50.817],[15.75,50.733],[15.817,50.75],[15.867,50.667],[16.0,50.683],[16.033,50.6],[16.1,50.65],[16.2,50.617],[16.233,50.667],[16.333,50.65],[16.433,50.567],[16.2,50.433],[16.35,50.367],[16.55,50.217],[16.593,50.122],[16.7,50.1],[16.833,50.2],[16.95,50.233],[17.017,50.217],[17.017,50.283],[16.867,50.4],[16.917,50.433],[17.2,50.367],[17.367,50.267],[17.433,50.3],[17.617,50.25],[17.683,50.317],[17.75,50.3],[17.717,50.267],[17.75,50.2],[17.6,50.167],[17.867,49.967],[18.0,50.017],[18.05,50.0],[18.05,50.033],[18.0,50.033],[18.033,50.067],[18.109,50.376],[18.247,50.526],[18.738,50.894],[19.144,51.064],[18.17,51.784],[18.173,52.652],[17.578,52.735],[16.577,53.188],[14.383,52.75]]]}},{"type":"Feature","properties":{"id":"EPWW-DTC","name":"Warszawa","prefixes":["EPWW_DTC"],"label":[17.6679836,50.6865595]},"geometry":{"type":"Polygon","coordinates":[[[14.383,52.75],[14.6,52.583],[14.567,52.433],[14.583,52.3],[14.7,52.25],[14.683,52.15],[14.75,52.083],[14.717,51.933],[14.617,51.833],[14.767,51.633],[14.75,51.567],[14.833,51.5],[14.933,51.483],[15.033,51.3],[15.0,51.017],[15.25,51.0],[15.4,50.767],[15.45,50.817],[15.75,50.733],[15.817,50.75],[15.867,50.667],[16.0,50.683],[16.033,50.6],[16.1,50.65],[16.2,50.617],[16.233,50.667],[16.333,50.65],[16.433,50.567],[16.2,50.433],[16.35,50.367],[16.55,50.217],[16.593,50.122],[16.7,50.1],[16.833,50.2],[16.95,50.233],[17.017,50.217],[17.017,50.283],[16.867,50.4],[16.917,50.433],[17.2,50.367],[17.367,50.267],[17.433,50.3],[17.617,50.25],[17.683,50.317],[17.75,50.3],[17.717,50.267],[17.75,50.2],[17.6,50.167],[17.867,49.967],[18.0,50.017],[18.05,50.0],[18.05,50.033],[18.0,50.033],[18.033,50.067],[18.109,50.376],[18.247,50.526],[18.738,50.894],[19.144,51.064],[19.752,51.35],[20.23,51.496],[20.32,52.107],[19.809,52.452],[19.131,52.527],[18.729,52.586],[18.173,52.652],[17.578,52.735],[16.577,53.188],[14.383,52.75]]]}},{"type":"Feature","properties":{"id":"EPWW-E","name":"Warszawa","prefixes":["EPWW_E"],"label":[22.8358519,51.727264]},"geometry":{"type":"Polygon","coordinates":[[[18.033,50.067],[18.167,49.983],[18.2,50.0],[18.217,49.967],[18.517,49.9],[18.633,49.717],[18.817,49.683],[18.85,49.517],[18.983,49.5],[18.983,49.4],[19.2,49.417],[19.267,49.533],[19.367,49.533],[19.411,49.581],[19.45,49.6],[19.556,49.508],[19.617,49.433],[19.667,49.417],[19.65,49.4],[19.733,49.383],[19.783,49.4],[19.817,49.283],[19.759,49.216],[19.833,49.183],[19.917,49.233],[20.0,49.222],[20.067,49.183],[20.133,49.3],[20.217,49.35],[20.317,49.35],[20.317,49.4],[20.4,49.383],[20.467,49.417],[20.6,49.383],[20.65,49.409],[20.733,49.417],[20.833,49.333],[20.933,49.3],[21.1,49.367],[21.067,49.425],[21.133,49.433],[21.2,49.4],[21.283,49.45],[21.483,49.417],[21.633,49.45],[21.783,49.35],[21.833,49.383],[21.967,49.35],[22.033,49.217],[22.283,49.15],[22.383,49.15],[22.433,49.1],[22.583,49.1],[22.683,49.05],[22.833,49.017],[22.9,49.083],[22.8,49.133],[22.733,49.233],[22.8,49.3],[22.8,49.333],[22.667,49.533],[23.233,50.05],[23.583,50.283],[23.683,50.333],[23.717,50.383],[23.783,50.417],[23.917,50.417],[24.05,50.45],[24.1,50.633],[24.067,50.717],[24.033,50.717],[24.033,50.767],[23.967,50.767],[23.967,50.833],[24.083,50.833],[24.15,50.867],[23.983,50.95],[23.933,51.0],[23.917,51.067],[23.867,51.1],[23.867,51.15],[23.75,51.217],[23.733,51.267],[23.667,51.283],[23.65,51.333],[23.7,51.417],[23.65,51.45],[23.667,51.483],[23.617,51.5],[23.567,51.533],[23.55,51.6],[23.55,51.717],[23.633,51.8],[23.617,51.833],[23.65,51.95],[23.683,51.983],[23.65,52.083],[23.5,52.15],[23.483,52.183],[23.417,52.183],[23.183,52.233],[23.183,52.267],[23.167,52.283],[23.45,52.567],[23.567,52.6],[23.917,52.667],[23.933,52.933],[23.95,52.967],[23.883,53.083],[23.917,53.167],[23.867,53.2],[23.867,53.233],[23.817,53.25],[23.6,53.633],[23.6,53.75],[23.567,53.767],[23.55,53.85],[23.517,53.933],[23.467,53.983],[23.517,54.033],[23.5,54.133],[23.417,54.167],[23.367,54.217],[23.233,54.25],[23.2,54.283],[23.167,54.3],[23.1,54.3],[23.033,54.317],[23.067,54.35],[23.0,54.35],[23.0,54.383],[22.95,54.383],[22.85,54.417],[22.798,54.402],[22.817,54.394],[22.788,54.365],[21.467,54.317],[19.996,54.431],[20.5,53.0],[20.412,52.77],[20.328,52.704],[19.809,52.452],[19.131,52.527],[18.729,52.586],[18.173,52.652],[18.17,51.784],[19.144,51.064],[18.738,50.894],[18.247,50.526],[18.109,50.376],[18.033,50.067]]]}},{"type":"Feature","properties":{"id":"EPWW-F","name":"Warszawa","prefixes":["EPWW_F"],"label":[17.1995587,54.8706296]},"geometry":{"type":"Polygon","coordinates":[[[17.237,54.006],[15.719,54.685],[15.867,54.917],[16.236,55.134],[18.398,55.29],[19.407,54.603],[18.993,54.402],[18.316,54.154],[17.237,54.006]]]}},{"type":"Feature","properties":{"id":"EPWW-FG","name":"Warszawa","prefixes":["EPWW_FG"],"label":[18.8238999,54.0639914]},"geometry":{"type":"Polygon","coordinates":[[[15.719,54.685],[17.237,54.006],[16.936,53.625],[16.577,53.188],[17.578,52.735],[18.173,52.652],[18.729,52.586],[19.131,52.527],[19.809,52.452],[20.328,52.704],[20.412,52.77],[20.5,53.0],[19.996,54.431],[19.642,54.458],[19.407,54.603],[18.398,55.29],[16.236,55.134],[15.867,54.917],[15.719,54.685]]]}},{"type":"Feature","properties":{"id":"EPWW-G","name":"Warszawa","prefixes":["EPWW_G"],"label":[19.3646651,53.2799982]},"geometry":{"type":"Polygon","coordinates":[[[19.996,54.431],[19.642,54.458],[19.407,54.603],[18.993,54.402],[18.316,54.154],[17.237,54.006],[16.936,53.625],[16.577,53.188],[17.578,52.735],[18.173,52.652],[18.729,52.586],[19.131,52.527],[19.809,52.452],[20.328,52.704],[20.412,52.77],[20.5,53.0],[19.996,54.431]]]}},{"type":"Feature","properties":{"id":"EPWW-J","name":"Warszawa","prefixes":["EPWW_J"],"label":[20.2462521,50.9396158]},"geometry":{"type":"Polygon","coordinates":[[[20.23,51.496],[21.148,51.47],[21.282,51.237],[21.292,51.203],[21.311,50.843],[21.293,50.441],[21.366,50.199],[21.175,49.93],[21.2,49.4],[21.133,49.433],[21.067,49.425],[21.1,49.367],[20.933,49.3],[20.833,49.333],[20.733,49.417],[20.65,49.409],[20.6,49.383],[20.467,49.417],[20.4,49.383],[20.317,49.4],[20.317,49.35],[20.217,49.35],[20.133,49.3],[20.067,49.183],[20.0,49.222],[19.917,49.233],[19.833,49.183],[19.759,49.216],[19.817,49.283],[19.783,49.4],[19.733,49.383],[19.65,49.4],[19.667,49.417],[19.617,49.433],[19.556,49.508],[19.45,49.6],[19.411,49.581],[19.367,49.533],[19.267,49.533],[19.2,49.417],[18.983,49.4],[18.983,49.5],[18.85,49.517],[18.817,49.683],[18.633,49.717],[18.517,49.9],[18.217,49.967],[18.2,50.0],[18.167,49.983],[18.033,50.067],[18.109,50.376],[18.247,50.526],[18.738,50.894],[19.144,51.064],[19.752,51.35],[20.23,51.496]]]}},{"type":"Feature","properties":{"id":"EPWW-JR","name":"Warszawa","prefixes":["EPWW_JR"],"label":[21.8564433,50.9814458]},"geometry":{"type":"Polygon","coordinates":[[[18.033,50.067],[18.167,49.983],[18.2,50.0],[18.217,49.967],[18.517,49.9],[18.633,49.717],[18.817,49.683],[18.85,49.517],[18.983,49.5],[18.983,49.4],[19.2,49.417],[19.267,49.533],[19.367,49.533],[19.411,49.581],[19.45,49.6],[19.556,49.508],[19.617,49.433],[19.667,49.417],[19.65,49.4],[19.733,49.383],[19.783,49.4],[19.817,49.283],[19.759,49.216],[19.833,49.183],[19.917,49.233],[20.0,49.222],[20.067,49.183],[20.133,49.3],[20.217,49.35],[20.317,49.35],[20.317,49.4],[20.4,49.383],[20.467,49.417],[20.6,49.383],[20.65,49.409],[20.733,49.417],[20.833,49.333],[20.933,49.3],[21.1,49.367],[21.067,49.425],[21.133,49.433],[21.2,49.4],[21.283,49.45],[21.483,49.417],[21.633,49.45],[21.783,49.35],[21.833,49.383],[21.967,49.35],[22.033,49.217],[22.283,49.15],[22.383,49.15],[22.433,49.1],[22.583,49.1],[22.683,49.05],[22.833,49.017],[22.9,49.083],[22.8,49.133],[22.733,49.233],[22.8,49.3],[22.8,49.333],[22.667,49.533],[23.233,50.05],[23.583,50.283],[23.683,50.333],[23.717,50.383],[23.783,50.417],[23.917,50.417],[24.05,50.45],[24.1,50.633],[24.067,50.717],[24.033,50.717],[24.033,50.767],[23.967,50.767],[23.967,50.833],[24.083,50.833],[24.15,50.867],[23.983,50.95],[23.933,51.0],[23.917,51.067],[23.867,51.1],[23.867,51.15],[23.75,51.217],[23.733,51.267],[23.667,51.283],[23.65,51.333],[23.7,51.417],[23.65,51.45],[23.667,51.483],[23.617,51.5],[23.567,51.533],[23.55,51.6],[23.55,51.717],[23.633,51.8],[23.617,51.833],[23.65,51.95],[23.683,51.983],[23.65,52.083],[23.5,52.15],[23.483,52.183],[23.417,52.183],[22.297,52.019],[21.908,51.949],[21.785,51.803],[21.376,51.568],[21.148,51.47],[20.23,51.496],[19.752,51.35],[19.144,51.064],[18.738,50.894],[18.453,50.684],[18.247,50.526],[18.109,50.376],[18.033,50.067]]]}},{"type":"Feature","properties":{"id":"EPWW-N","name":"Warszawa","prefixes":["EPWW_N"],"label":[18.9669782,53.6944673]},"geometry":{"type":"Polygon","coordinates":[[[14.15,52.85],[14.383,52.75],[14.6,52.583],[14.567,52.433],[14.583,52.3],[14.7,52.25],[14.683,52.15],[14.75,52.083],[14.717,51.933],[14.617,51.833],[14.767,51.633],[14.75,51.567],[14.833,51.5],[16.0,51.617],[17.238,51.718],[18.17,51.784],[19.144,51.064],[19.752,51.35],[20.23,51.496],[21.148,51.47],[21.376,51.568],[21.785,51.803],[21.908,51.949],[22.297,52.019],[23.417,52.183],[23.183,52.233],[23.183,52.267],[23.167,52.283],[23.45,52.567],[23.567,52.6],[23.917,52.667],[23.933,52.933],[23.95,52.967],[23.883,53.083],[23.917,53.167],[23.867,53.2],[23.867,53.233],[23.817,53.25],[23.6,53.633],[23.6,53.75],[23.567,53.767],[23.55,53.85],[23.517,53.933],[23.467,53.983],[23.517,54.033],[23.5,54.133],[23.417,54.167],[23.367,54.217],[23.233,54.25],[23.2,54.283],[23.167,54.3],[23.1,54.3],[23.033,54.317],[23.067,54.35],[23.0,54.35],[23.0,54.383],[22.95,54.383],[22.85,54.417],[22.798,54.402],[22.817,54.394],[22.788,54.365],[21.467,54.317],[19.642,54.458],[19.407,54.603],[18.398,55.29],[16.236,55.134],[15.867,54.917],[15.719,54.685],[15.396,54.385],[15.056,54.263],[14.281,54.333],[14.255,54.127],[14.201,54.126],[14.242,53.988],[14.226,53.928],[14.3,53.617],[14.333,53.583],[14.383,53.55],[14.417,53.317],[14.433,53.25],[14.333,53.05],[14.167,52.967],[14.15,52.85]]]}},{"type":"Feature","properties":{"id":"EPWW-NE","name":"Warszawa","prefixes":["EPWW_NE"],"label":[22.3210945,52.6117856]},"geometry":{"type":"Polygon","coordinates":[[[19.809,52.452],[20.32,52.107],[20.23,51.496],[21.148,51.47],[21.376,51.568],[21.785,51.803],[21.908,51.949],[22.297,52.019],[23.417,52.183],[23.183,52.233],[23.183,52.267],[23.167,52.283],[23.45,52.567],[23.567,52.6],[23.917,52.667],[23.933,52.933],[23.95,52.967],[23.883,53.083],[23.917,53.167],[23.867,53.2],[23.867,53.233],[23.817,53.25],[23.6,53.633],[23.6,53.75],[23.567,53.767],[23.55,53.85],[23.517,53.933],[23.467,53.983],[23.517,54.033],[23.5,54.133],[23.417,54.167],[23.367,54.217],[23.233,54.25],[23.2,54.283],[23.167,54.3],[23.1,54.3],[23.033,54.317],[23.067,54.35],[23.0,54.35],[23.0,54.383],[22.95,54.383],[22.85,54.417],[22.798,54.402],[22.817,54.394],[22.788,54.365],[21.467,54.317],[19.996,54.431],[20.5,53.0],[20.412,52.77],[20.328,52.704],[19.809,52.452]]]}},{"type":"Feature","properties":{"id":"EPWW-S","name":"Warszawa","prefixes":["EPWW_S"],"label":[22.305329,50.5223098]},"geometry":{"type":"Polygon","coordinates":[[[14.833,51.5],[14.933,51.483],[15.033,51.3],[15.0,51.017],[15.25,51.0],[15.4,50.767],[15.45,50.817],[15.75,50.733],[15.817,50.75],[15.867,50.667],[16.0,50.683],[16.033,50.6],[16.1,50.65],[16.2,50.617],[16.233,50.667],[16.333,50.65],[16.433,50.567],[16.2,50.433],[16.35,50.367],[16.55,50.217],[16.593,50.122],[16.7,50.1],[16.833,50.2],[16.95,50.233],[17.017,50.217],[17.017,50.283],[16.867,50.4],[16.917,50.433],[17.2,50.367],[17.367,50.267],[17.433,50.3],[17.617,50.25],[17.683,50.317],[17.75,50.3],[17.717,50.267],[17.75,50.2],[17.6,50.167],[17.867,49.967],[18.0,50.017],[18.05,50.0],[18.05,50.033],[18.0,50.033],[18.033,50.067],[18.167,49.983],[18.2,50.0],[18.217,49.967],[18.517,49.9],[18.633,49.717],[18.817,49.683],[18.85,49.517],[18.983,49.5],[18.983,49.4],[19.2,49.417],[19.267,49.533],[19.367,49.533],[19.411,49.581],[19.45,49.6],[19.556,49.508],[19.617,49.433],[19.667,49.417],[19.65,49.4],[19.733,49.383],[19.783,49.4],[19.817,49.283],[19.759,49.216],[19.833,49.183],[19.917,49.233],[20.0,49.222],[20.067,49.183],[20.133,49.3],[20.217,49.35],[20.317,49.35],[20.317,49.4],[20.4,49.383],[20.467,49.417],[20.6,49.383],[20.65,49.409],[20.733,49.417],[20.833,49.333],[20.933,49.3],[21.1,49.367],[21.067,49.425],[21.133,49.433],[21.2,49.4],[21.283,49.45],[21.483,49.417],[21.633,49.45],[21.783,49.35],[21.833,49.383],[21.967,49.35],[22.033,49.217],[22.283,49.15],[22.383,49.15],[22.433,49.1],[22.583,49.1],[22.683,49.05],[22.833,49.017],[22.9,49.083],[22.8,49.133],[22.733,49.233],[22.8,49.3],[22.8,49.333],[22.667,49.533],[23.233,50.05],[23.583,50.283],[23.683,50.333],[23.717,50.383],[23.783,50.417],[23.917,50.417],[24.05,50.45],[24.1,50.633],[24.067,50.717],[24.033,50.717],[24.033,50.767],[23.967,50.767],[23.967,50.833],[24.083,50.833],[24.15,50.867],[23.983,50.95],[23.933,51.0],[23.917,51.067],[23.867,51.1],[23.867,51.15],[23.75,51.217],[23.733,51.267],[23.667,51.283],[23.65,51.333],[23.7,51.417],[23.65,51.45],[23.667,51.483],[23.617,51.5],[23.567,51.533],[23.55,51.6],[23.55,51.717],[23.633,51.8],[23.617,51.833],[23.65,51.95],[23.683,51.983],[23.65,52.083],[23.5,52.15],[23.483,52.183],[23.417,52.183],[23.183,52.233],[23.183,52.267],[23.167,52.283],[23.45,52.567],[23.567,52.6],[23.917,52.667],[23.933,52.933],[23.95,52.967],[23.883,53.083],[23.917,53.167],[23.867,53.2],[23.867,53.233],[23.817,53.25],[23.743,53.381],[20.5,53.0],[20.412,52.77],[20.328,52.704],[19.809,52.452],[19.131,52.527],[18.729,52.586],[18.173,52.652],[18.17,51.784],[17.238,51.718],[16.0,51.617],[14.833,51.5]]]}},{"type":"Feature","properties":{"id":"EPWW-TCJ","name":"Warszawa","prefixes":["EPWW_TCJ"],"label":[19.4058041,50.7679899]},"geometry":{"type":"Polygon","coordinates":[[[14.833,51.5],[14.933,51.483],[15.033,51.3],[15.0,51.017],[15.25,51.0],[15.4,50.767],[15.45,50.817],[15.75,50.733],[15.817,50.75],[15.867,50.667],[16.0,50.683],[16.033,50.6],[16.1,50.65],[16.2,50.617],[16.233,50.667],[16.333,50.65],[16.433,50.567],[16.2,50.433],[16.35,50.367],[16.55,50.217],[16.593,50.122],[16.7,50.1],[16.833,50.2],[16.95,50.233],[17.017,50.217],[17.017,50.283],[16.867,50.4],[16.917,50.433],[17.2,50.367],[17.367,50.267],[17.433,50.3],[17.617,50.25],[17.683,50.317],[17.75,50.3],[17.717,50.267],[17.75,50.2],[17.6,50.167],[17.867,49.967],[18.0,50.017],[18.05,50.0],[18.05,50.033],[18.0,50.033],[18.033,50.067],[18.167,49.983],[18.2,50.0],[18.217,49.967],[18.517,49.9],[18.633,49.717],[18.817,49.683],[18.85,49.517],[18.983,49.5],[18.983,49.4],[19.2,49.417],[19.267,49.533],[19.367,49.533],[19.411,49.581],[19.45,49.6],[19.556,49.508],[19.617,49.433],[19.667,49.417],[19.65,49.4],[19.733,49.383],[19.783,49.4],[19.817,49.283],[19.759,49.216],[19.833,49.183],[19.917,49.233],[20.0,49.222],[20.067,49.183],[20.133,49.3],[20.217,49.35],[20.317,49.35],[20.317,49.4],[20.4,49.383],[20.467,49.417],[20.6,49.383],[20.65,49.409],[20.733,49.417],[20.833,49.333],[20.933,49.3],[21.1,49.367],[21.067,49.425],[21.133,49.433],[21.2,49.4],[21.175,49.93],[21.366,50.199],[21.293,50.441],[21.311,50.843],[21.292,51.203],[21.282,51.237],[21.148,51.47],[20.23,51.496],[20.32,52.107],[19.809,52.452],[19.131,52.527],[18.729,52.586],[18.173,52.652],[18.17,51.784],[17.238,51.718],[16.0,51.617],[14.833,51.5]]]}},{"type":"Feature","properties":{"id":"EPWW-TM","name":"Warszawa","prefixes":["EPWW_TM"],"label":[15.8604842,51.2595096]},"geometry":{"type":"Polygon","coordinates":[[[17.238,51.718],[16.0,51.617],[14.833,51.5],[14.933,51.483],[15.033,51.3],[15.0,51.017],[15.25,51.0],[15.4,50.767],[15.45,50.817],[15.75,50.733],[15.817,50.75],[15.867,50.667],[16.0,50.683],[16.033,50.6],[16.1,50.65],[16.2,50.617],[16.233,50.667],[16.333,50.65],[16.433,50.567],[16.2,50.433],[16.35,50.367],[16.55,50.217],[16.593,50.122],[16.7,50.1],[16.833,50.2],[16.95,50.233],[17.017,50.217],[17.017,50.283],[16.867,50.4],[16.917,50.433],[17.2,50.367],[17.367,50.267],[17.433,50.3],[17.617,50.25],[17.683,50.317],[17.75,50.3],[17.717,50.267],[17.75,50.2],[17.6,50.167],[17.867,49.967],[18.0,50.017],[18.05,50.0],[18.05,50.033],[18.0,50.033],[18.033,50.067],[18.109,50.376],[18.247,50.526],[18.738,50.894],[19.144,51.064],[18.17,51.784],[17.238,51.718]]]}},{"type":"Feature","properties":{"id":"ESAA","name":"Sweden","prefixes":["ESAA"],"label":[16.66,62.45]},"geometry":{"type":"Polygon","coordinates":[[[20.549,69.06],[20.759,69.042],[20.814,69.027],[20.913,68.975],[20.918,68.962],[20.911,68.951],[20.861,68.936],[20.91,68.893],[21.011,68.895],[21.062,68.884],[21.091,68.867],[21.233,68.82],[21.311,68.772],[21.38,68.766],[22.135,68.471],[22.828,68.379],[23.148,68.239],[23.159,68.123],[23.304,68.147],[23.654,67.946],[23.498,67.868],[23.442,67.468],[23.766,67.424],[23.751,67.291],[23.587,67.168],[24.008,66.81],[23.639,66.437],[23.755,66.196],[23.907,66.159],[24.14,65.53],[22.917,64.683],[21.5,63.617],[20.667,63.475],[20.167,63.167],[19.5,61.667],[19.132,60.301],[19.087,60.192],[19.983,59.563],[21.0,59.0],[20.643,58.413],[20.275,57.784],[19.833,57.0],[18.506,56.345],[17.55,55.85],[18.398,55.29],[16.236,55.134],[15.867,54.917],[15.719,54.685],[15.396,54.385],[15.056,54.263],[14.281,54.333],[14.325,54.667],[13.761,54.917],[12.85,54.917],[12.641,55.337],[12.607,55.419],[12.715,55.496],[12.741,55.549],[12.88,55.605],[12.899,55.641],[12.709,55.83],[12.695,55.87],[12.641,55.931],[12.657,56.033],[12.641,56.059],[12.44,56.164],[12.069,56.6],[11.766,56.986],[10.5,58.5],[10.639,58.892],[10.918,58.942],[11.066,58.977],[11.117,59.015],[11.154,59.079],[11.289,59.1],[11.34,59.115],[11.368,59.098],[11.414,59.04],[11.465,58.991],[11.454,58.985],[11.462,58.973],[11.464,58.933],[11.456,58.889],[11.488,58.891],[11.525,58.877],[11.553,58.898],[11.57,58.889],[11.578,58.897],[11.591,58.891],[11.63,58.908],[11.652,58.906],[11.659,58.927],[11.682,58.948],[11.711,59.034],[11.776,59.087],[11.778,59.101],[11.765,59.117],[11.778,59.136],[11.776,59.166],[11.787,59.21],[11.83,59.242],[11.816,59.345],[11.78,59.386],[11.774,59.414],[11.761,59.429],[11.76,59.458],[11.747,59.491],[11.729,59.511],[11.691,59.59],[11.698,59.609],[11.721,59.625],[11.779,59.643],[11.856,59.649],[11.889,59.693],[11.94,59.695],[11.931,59.775],[11.904,59.812],[11.84,59.841],[11.888,59.859],[11.881,59.868],[11.887,59.872],[11.921,59.874],[11.923,59.883],[11.985,59.901],[12.053,59.886],[12.126,59.894],[12.174,59.89],[12.231,59.928],[12.341,59.966],[12.396,60.016],[12.449,60.039],[12.497,60.095],[12.542,60.193],[12.504,60.281],[12.499,60.324],[12.545,60.347],[12.606,60.406],[12.606,60.513],[12.582,60.551],[12.516,60.6],[12.511,60.642],[12.681,61.06],[12.707,61.143],[12.79,61.197],[12.834,61.258],[12.871,61.356],[12.569,61.569],[12.22,62.0],[12.299,62.266],[12.056,62.612],[12.136,62.748],[12.075,62.903],[12.218,63.0],[11.974,63.269],[12.213,63.479],[12.15,63.594],[12.299,63.672],[12.33,63.715],[12.683,63.974],[12.927,64.058],[13.211,64.095],[13.376,64.08],[13.734,64.556],[13.654,64.58],[13.705,64.64],[13.957,64.843],[14.499,65.516],[14.541,65.701],[14.625,65.812],[14.584,65.901],[14.573,65.958],[14.516,66.133],[15.036,66.154],[15.504,66.086],[17.448,68.084],[17.667,68.038],[17.9,67.969],[18.151,68.199],[18.101,68.406],[18.126,68.536],[18.406,68.582],[18.621,68.507],[19.0,68.514],[19.921,68.356],[19.981,68.39],[20.226,68.491],[20.026,68.531],[19.938,68.558],[20.052,68.591],[20.203,68.666],[20.336,68.802],[20.307,68.926],[20.06,69.046],[20.549,69.06]]]}},{"type":"Feature","properties":{"id":"ESMM","name":"Malmo ACC - Sweden","prefixes":["ESMM"],"label":[14.0,56.29]},"geometry":{"type":"Polygon","coordinates":[[[11.691,59.59],[11.698,59.609],[11.721,59.625],[11.779,59.643],[11.856,59.649],[11.889,59.693],[11.94,59.695],[11.931,59.775],[11.904,59.812],[11.84,59.841],[11.888,59.859],[11.881,59.868],[11.887,59.872],[11.921,59.874],[11.923,59.883],[11.985,59.901],[12.053,59.886],[12.126,59.894],[12.174,59.89],[13.171,59.513],[14.62,58.905],[14.339,58.788],[14.188,58.458],[14.164,58.243],[13.968,58.034],[13.607,57.537],[14.105,57.431],[14.629,57.227],[14.533,57.121],[15.116,56.689],[15.126,56.35],[15.632,56.338],[16.337,56.605],[16.772,56.867],[17.4,57.023],[20.275,57.784],[19.833,57.0],[18.506,56.345],[17.55,55.85],[18.398,55.29],[16.236,55.134],[15.867,54.917],[15.719,54.685],[15.396,54.385],[15.056,54.263],[14.281,54.333],[14.325,54.667],[13.761,54.917],[12.85,54.917],[12.641,55.337],[12.607,55.419],[12.715,55.496],[12.741,55.549],[12.88,55.605],[12.899,55.641],[12.709,55.83],[12.695,55.87],[12.641,55.931],[12.657,56.033],[12.641,56.059],[12.44,56.164],[12.069,56.6],[11.766,56.986],[10.5,58.5],[10.639,58.892],[10.918,58.942],[11.066,58.977],[11.117,59.015],[11.154,59.079],[11.289,59.1],[11.34,59.115],[11.368,59.098],[11.414,59.04],[11.465,58.991],[11.454,58.985],[11.462,58.973],[11.464,58.933],[11.456,58.889],[11.488,58.891],[11.525,58.877],[11.553,58.898],[11.57,58.889],[11.578,58.897],[11.591,58.891],[11.63,58.908],[11.652,58.906],[11.659,58.927],[11.682,58.948],[11.711,59.034],[11.776,59.087],[11.778,59.101],[11.765,59.117],[11.778,59.136],[11.776,59.166],[11.787,59.21],[11.83,59.242],[11.816,59.345],[11.78,59.386],[11.774,59.414],[11.761,59.429],[11.76,59.458],[11.747,59.491],[11.729,59.511],[11.691,59.59]]]}},{"type":"Feature","properties":{"id":"ESMM-4","name":"Malmo ACC (4) - Sweden","prefixes":["ESMM_4"],"label":[12.09,58.47]},"geometry":{"type":"Polygon","coordinates":[[[11.691,59.59],[11.698,59.609],[11.721,59.625],[11.779,59.643],[11.856,59.649],[11.889,59.693],[11.94,59.695],[11.931,59.775],[11.904,59.812],[11.84,59.841],[11.888,59.859],[11.881,59.868],[11.887,59.872],[11.921,59.874],[11.923,59.883],[11.985,59.901],[12.053,59.886],[12.126,59.894],[12.174,59.89],[13.171,59.513],[14.62,58.905],[14.339,58.788],[14.188,58.458],[14.164,58.243],[13.968,58.034],[13.607,57.537],[13.199,57.767],[12.696,57.227],[11.766,56.986],[10.5,58.5],[10.639,58.892],[10.918,58.942],[11.066,58.977],[11.117,59.015],[11.154,59.079],[11.289,59.1],[11.34,59.115],[11.368,59.098],[11.414,59.04],[11.465,58.991],[11.454,58.985],[11.462,58.973],[11.464,58.933],[11.456,58.889],[11.488,58.891],[11.525,58.877],[11.553,58.898],[11.57,58.889],[11.578,58.897],[11.591,58.891],[11.63,58.908],[11.652,58.906],[11.659,58.927],[11.682,58.948],[11.711,59.034],[11.776,59.087],[11.778,59.101],[11.765,59.117],[11.778,59.136],[11.776,59.166],[11.787,59.21],[11.83,59.242],[11.816,59.345],[11.78,59.386],[11.774,59.414],[11.761,59.429],[11.76,59.458],[11.747,59.491],[11.729,59.511],[11.691,59.59]]]}},{"type":"Feature","properties":{"id":"ESMM-5","name":"Malmo ACC (5) - Sweden","prefixes":["ESMM_5"],"label":[13.34,58.39]},"geometry":{"type":"Polygon","coordinates":[[[11.691,59.59],[11.698,59.609],[11.721,59.625],[11.779,59.643],[11.856,59.649],[11.889,59.693],[11.94,59.695],[11.931,59.775],[11.904,59.812],[11.84,59.841],[11.888,59.859],[11.881,59.868],[11.887,59.872],[11.921,59.874],[11.923,59.883],[11.985,59.901],[12.053,59.886],[12.126,59.894],[12.174,59.89],[13.171,59.513],[14.62,58.905],[14.339,58.788],[14.188,58.458],[14.164,58.243],[13.968,58.034],[13.607,57.537],[14.105,57.431],[14.629,57.227],[14.533,57.121],[15.116,56.689],[15.118,56.628],[13.704,55.881],[13.521,55.914],[13.11,55.816],[12.899,55.641],[12.709,55.83],[12.695,55.87],[12.641,55.931],[12.657,56.033],[12.641,56.059],[12.44,56.164],[12.069,56.6],[11.766,56.986],[10.5,58.5],[10.639,58.892],[10.918,58.942],[11.066,58.977],[11.117,59.015],[11.154,59.079],[11.289,59.1],[11.34,59.115],[11.368,59.098],[11.414,59.04],[11.465,58.991],[11.454,58.985],[11.462,58.973],[11.464,58.933],[11.456,58.889],[11.488,58.891],[11.525,58.877],[11.553,58.898],[11.57,58.889],[11.578,58.897],[11.591,58.891],[11.63,58.908],[11.652,58.906],[11.659,58.927],[11.682,58.948],[11.711,59.034],[11.776,59.087],[11.778,59.101],[11.765,59.117],[11.778,59.136],[11.776,59.166],[11.787,59.21],[11.83,59.242],[11.816,59.345],[11.78,59.386],[11.774,59.414],[11.761,59.429],[11.76,59.458],[11.747,59.491],[11.729,59.511],[11.691,59.59]]]}},{"type":"Feature","properties":{"id":"ESMM-7","name":"Malmo ACC (7) - Sweden","prefixes":["ESMM_7"],"label":[16.2,56.0]},"geometry":{"type":"Polygon","coordinates":[[[13.11,55.816],[13.521,55.914],[13.704,55.881],[15.118,56.628],[15.126,56.35],[15.632,56.338],[16.337,56.605],[16.772,56.867],[17.4,57.023],[20.275,57.784],[19.833,57.0],[18.506,56.345],[17.55,55.85],[18.398,55.29],[16.236,55.134],[15.867,54.917],[15.719,54.685],[15.396,54.385],[15.056,54.263],[14.281,54.333],[14.325,54.667],[13.761,54.917],[12.85,54.917],[12.641,55.337],[12.607,55.419],[12.715,55.496],[12.741,55.549],[12.88,55.605],[12.899,55.641],[13.11,55.816]]]}},{"type":"Feature","properties":{"id":"ESMM-8","name":"Malmo ACC (8) - Sweden","prefixes":["ESMM_8"],"label":[14.04,55.31]},"geometry":{"type":"Polygon","coordinates":[[[13.11,55.816],[13.521,55.914],[13.704,55.881],[15.118,56.628],[15.126,56.35],[15.632,56.338],[16.337,56.605],[16.772,56.867],[17.4,57.023],[18.03,56.641],[19.075,56.629],[18.506,56.345],[17.55,55.85],[18.398,55.29],[16.236,55.134],[15.867,54.917],[15.719,54.685],[15.396,54.385],[15.056,54.263],[14.281,54.333],[14.325,54.667],[13.761,54.917],[12.85,54.917],[12.641,55.337],[12.607,55.419],[12.715,55.496],[12.741,55.549],[12.88,55.605],[12.899,55.641],[13.11,55.816]]]}},{"type":"Feature","properties":{"id":"ESMM-K","name":"Malmo ACC (K) - Sweden","prefixes":["ESMM_K"],"label":[13.3,56.7]},"geometry":{"type":"Polygon","coordinates":[[[13.199,57.767],[13.607,57.537],[14.105,57.431],[14.629,57.227],[14.533,57.121],[15.116,56.689],[15.126,56.35],[15.063,55.949],[14.737,55.337],[14.357,54.917],[14.325,54.667],[13.761,54.917],[12.85,54.917],[12.641,55.337],[12.607,55.419],[12.715,55.496],[12.741,55.549],[12.88,55.605],[12.899,55.641],[12.709,55.83],[12.695,55.87],[12.641,55.931],[12.657,56.033],[12.641,56.059],[12.44,56.164],[12.069,56.6],[11.766,56.986],[12.696,57.227],[13.199,57.767]]]}},{"type":"Feature","properties":{"id":"ESOS","name":"Stockholm ACC - Sweden","prefixes":["ESOS","ESSR"],"label":[14.83,60.2]},"geometry":{"type":"Polygon","coordinates":[[[20.549,69.06],[20.759,69.042],[20.814,69.027],[20.913,68.975],[20.918,68.962],[20.911,68.951],[20.861,68.936],[20.91,68.893],[21.011,68.895],[21.062,68.884],[21.091,68.867],[21.233,68.82],[21.311,68.772],[21.38,68.766],[22.135,68.471],[22.828,68.379],[23.148,68.239],[23.159,68.123],[23.304,68.147],[23.654,67.946],[23.498,67.868],[23.442,67.468],[23.766,67.424],[23.751,67.291],[23.587,67.168],[24.008,66.81],[23.639,66.437],[23.755,66.196],[23.907,66.159],[24.14,65.53],[22.917,64.683],[21.5,63.617],[20.667,63.475],[20.167,63.167],[19.5,61.667],[19.132,60.301],[19.087,60.192],[19.983,59.563],[21.0,59.0],[20.643,58.413],[20.275,57.784],[17.4,57.023],[16.772,56.867],[16.337,56.605],[15.632,56.338],[15.126,56.35],[15.116,56.689],[14.533,57.121],[14.629,57.227],[14.105,57.431],[13.607,57.537],[13.968,58.034],[14.164,58.243],[14.188,58.458],[14.339,58.788],[14.62,58.905],[13.171,59.513],[12.174,59.89],[12.231,59.928],[12.341,59.966],[12.396,60.016],[12.449,60.039],[12.497,60.095],[12.542,60.193],[12.504,60.281],[12.499,60.324],[12.545,60.347],[12.606,60.406],[12.606,60.513],[12.582,60.551],[12.516,60.6],[12.511,60.642],[12.681,61.06],[12.707,61.143],[12.79,61.197],[12.834,61.258],[12.871,61.356],[12.569,61.569],[12.22,62.0],[12.299,62.266],[12.056,62.612],[12.136,62.748],[12.075,62.903],[12.218,63.0],[11.974,63.269],[12.213,63.479],[12.15,63.594],[12.299,63.672],[12.33,63.715],[12.683,63.974],[12.927,64.058],[13.211,64.095],[13.376,64.08],[13.734,64.556],[13.654,64.58],[13.705,64.64],[13.957,64.843],[14.499,65.516],[14.541,65.701],[14.625,65.812],[14.584,65.901],[14.573,65.958],[14.516,66.133],[15.036,66.154],[15.504,66.086],[17.448,68.084],[17.667,68.038],[17.9,67.969],[18.151,68.199],[18.101,68.406],[18.126,68.536],[18.406,68.582],[18.621,68.507],[19.0,68.514],[19.921,68.356],[19.981,68.39],[20.226,68.491],[20.026,68.531],[19.938,68.558],[20.052,68.591],[20.203,68.666],[20.336,68.802],[20.307,68.926],[20.06,69.046],[20.549,69.06]]]}},{"type":"Feature","properties":{"id":"ESOS-1","name":"Stockholm ACC (1) - Sweden","prefixes":["ESOS_1"],"label":[17.19,59.35]},"geometry":{"type":"Polygon","coordinates":[[[19.5,61.667],[19.132,60.301],[19.087,60.192],[19.983,59.563],[21.0,59.0],[20.643,58.413],[20.275,57.784],[17.4,57.023],[16.772,56.867],[16.337,56.605],[15.632,56.338],[15.126,56.35],[15.116,56.689],[14.533,57.121],[14.629,57.227],[14.105,57.431],[13.607,57.537],[13.968,58.034],[14.164,58.243],[14.188,58.458],[14.339,58.788],[14.62,58.905],[13.171,59.513],[12.174,59.89],[12.231,59.928],[12.341,59.966],[12.396,60.016],[12.449,60.039],[12.497,60.095],[12.542,60.193],[12.504,60.281],[12.499,60.324],[12.545,60.347],[12.606,60.406],[12.606,60.513],[12.582,60.551],[12.516,60.6],[12.511,60.642],[12.681,61.06],[12.707,61.143],[12.79,61.197],[12.834,61.258],[12.871,61.356],[14.571,61.072],[16.332,60.465],[16.9,60.369],[17.513,61.142],[18.408,61.63],[19.5,61.667]]]}},{"type":"Feature","properties":{"id":"ESOS-9","name":"Stockholm ACC (9) - Sweden","prefixes":["ESOS_9"],"label":[17.68,57.99]},"geometry":{"type":"Polygon","coordinates":[[[19.087,60.192],[19.983,59.563],[21.0,59.0],[20.643,58.413],[20.275,57.784],[17.4,57.023],[16.772,56.867],[16.337,56.605],[15.632,56.338],[15.126,56.35],[15.116,56.689],[14.533,57.121],[14.629,57.227],[14.105,57.431],[13.607,57.537],[13.968,58.034],[14.164,58.243],[15.179,58.65],[15.806,58.782],[16.318,59.324],[17.302,60.111],[19.087,60.192]]]}},{"type":"Feature","properties":{"id":"ESOS-N","name":"Stockholm ACC (N) - Sweden","prefixes":["ESOS_N"],"label":[16.14,61.03]},"geometry":{"type":"Polygon","coordinates":[[[20.549,69.06],[20.759,69.042],[20.814,69.027],[20.913,68.975],[20.918,68.962],[20.911,68.951],[20.861,68.936],[20.91,68.893],[21.011,68.895],[21.062,68.884],[21.091,68.867],[21.233,68.82],[21.311,68.772],[21.38,68.766],[22.135,68.471],[22.828,68.379],[23.148,68.239],[23.159,68.123],[23.304,68.147],[23.654,67.946],[23.498,67.868],[23.442,67.468],[23.766,67.424],[23.751,67.291],[23.587,67.168],[24.008,66.81],[23.639,66.437],[23.755,66.196],[23.907,66.159],[24.14,65.53],[22.917,64.683],[21.5,63.617],[20.667,63.475],[20.167,63.167],[19.5,61.667],[19.132,60.301],[19.087,60.192],[17.302,60.111],[16.318,59.324],[15.806,58.782],[15.179,58.65],[14.164,58.243],[14.188,58.458],[14.339,58.788],[14.62,58.905],[13.171,59.513],[12.174,59.89],[12.231,59.928],[12.341,59.966],[12.396,60.016],[12.449,60.039],[12.497,60.095],[12.542,60.193],[12.504,60.281],[12.499,60.324],[12.545,60.347],[12.606,60.406],[12.606,60.513],[12.582,60.551],[12.516,60.6],[12.511,60.642],[12.681,61.06],[12.707,61.143],[12.79,61.197],[12.834,61.258],[12.871,61.356],[12.569,61.569],[12.22,62.0],[12.299,62.266],[12.056,62.612],[12.136,62.748],[12.075,62.903],[12.218,63.0],[11.974,63.269],[12.213,63.479],[12.15,63.594],[12.299,63.672],[12.33,63.715],[12.683,63.974],[12.927,64.058],[13.211,64.095],[13.376,64.08],[13.734,64.556],[13.654,64.58],[13.705,64.64],[13.957,64.843],[14.499,65.516],[14.541,65.701],[14.625,65.812],[14.584,65.901],[14.573,65.958],[14.516,66.133],[15.036,66.154],[15.504,66.086],[17.448,68.084],[17.667,68.038],[17.9,67.969],[18.151,68.199],[18.101,68.406],[18.126,68.536],[18.406,68.582],[18.621,68.507],[19.0,68.514],[19.921,68.356],[19.981,68.39],[20.226,68.491],[20.026,68.531],[19.938,68.558],[20.052,68.591],[20.203,68.666],[20.336,68.802],[20.307,68.926],[20.06,69.046],[20.549,69.06]]]}},{"type":"Feature","properties":{"id":"EVRR","name":"Riga","prefixes":["EVRR"],"label":[23.378195,57.046945]},"geometry":{"type":"Polygon","coordinates":[[[21.483,58.117],[21.613,57.895],[21.717,57.787],[21.916,57.749],[22.143,57.779],[22.584,57.928],[22.707,57.941],[22.999,57.702],[23.181,57.586],[23.406,57.594],[23.582,57.67],[23.649,57.783],[23.601,57.899],[24.209,57.899],[24.261,57.917],[24.357,57.874],[24.367,57.883],[25.15,58.09],[25.916,57.854],[26.53,57.51],[26.91,57.61],[27.31,57.53],[27.333,57.517],[27.351,57.517],[27.356,57.539],[27.418,57.528],[27.53,57.539],[27.55,57.529],[27.568,57.501],[27.557,57.482],[27.512,57.458],[27.524,57.44],[27.619,57.417],[27.7,57.371],[27.769,57.352],[27.786,57.336],[27.847,57.31],[27.869,57.274],[27.873,57.254],[27.825,57.165],[27.733,57.103],[27.731,57.089],[27.757,57.081],[27.716,57.015],[27.739,56.998],[27.741,56.981],[27.731,56.938],[27.674,56.911],[27.671,56.846],[27.691,56.84],[27.82,56.876],[27.852,56.876],[27.915,56.828],[27.977,56.82],[27.947,56.772],[27.902,56.752],[27.966,56.714],[28.017,56.661],[28.02,56.639],[28.057,56.587],[28.119,56.583],[28.142,56.572],[28.15,56.552],[28.122,56.54],[28.11,56.522],[28.133,56.511],[28.129,56.487],[28.179,56.45],[28.194,56.406],[28.176,56.386],[28.181,56.368],[28.247,56.279],[28.189,56.227],[28.205,56.209],[28.187,56.194],[27.556,55.807],[26.978,55.813],[26.631,55.681],[25.948,55.986],[25.138,56.173],[24.888,56.446],[24.63,56.369],[24.469,56.262],[24.065,56.279],[23.756,56.371],[23.507,56.314],[23.26,56.372],[23.206,56.371],[23.177,56.347],[22.142,56.427],[21.535,56.294],[21.279,56.18],[21.094,56.074],[21.064,56.069],[20.667,56.067],[18.506,56.345],[19.833,57.0],[20.275,57.784],[20.643,58.413],[21.483,58.117]]]}},{"type":"Feature","properties":{"id":"EYVL","name":"Vilnius","prefixes":["EYVL"],"label":[22.43743,55.168631]},"geometry":{"type":"Polygon","coordinates":[[[18.019,56.095],[18.506,56.345],[20.667,56.067],[21.064,56.069],[21.094,56.074],[21.279,56.18],[21.535,56.294],[22.142,56.427],[23.177,56.347],[23.206,56.371],[23.26,56.372],[23.507,56.314],[23.756,56.371],[24.065,56.279],[24.469,56.262],[24.63,56.369],[24.888,56.446],[25.138,56.173],[25.948,55.986],[26.631,55.681],[26.647,55.607],[26.507,55.376],[26.463,55.357],[26.459,55.319],[26.531,55.3],[26.81,55.302],[26.852,55.296],[26.856,55.265],[26.721,55.2],[26.669,55.143],[26.509,55.124],[26.451,55.101],[26.333,55.132],[26.272,55.138],[26.235,55.093],[26.241,55.045],[26.217,55.0],[26.144,54.965],[25.855,54.881],[25.771,54.786],[25.729,54.556],[25.585,54.329],[25.595,54.305],[25.717,54.283],[25.779,54.245],[25.783,54.167],[25.715,54.136],[25.572,54.155],[25.585,54.181],[25.543,54.253],[25.457,54.267],[25.32,54.252],[25.176,54.179],[25.05,54.133],[24.807,54.066],[24.803,53.971],[24.747,53.948],[24.657,53.995],[24.411,53.891],[24.289,53.903],[24.196,53.939],[23.927,53.929],[23.8,53.9],[23.618,53.909],[23.517,53.933],[23.467,53.983],[23.517,54.033],[23.5,54.133],[23.417,54.167],[23.367,54.217],[23.233,54.25],[23.2,54.283],[23.167,54.3],[23.1,54.3],[23.033,54.317],[23.067,54.35],[23.0,54.35],[23.0,54.383],[22.95,54.383],[22.85,54.417],[22.798,54.402],[22.757,54.402],[22.695,54.499],[22.69,54.538],[22.707,54.57],[22.698,54.603],[22.751,54.641],[22.733,54.709],[22.772,54.741],[22.852,54.774],[22.881,54.797],[22.871,54.84],[22.849,54.868],[22.846,54.903],[22.795,54.911],[22.767,54.942],[22.684,54.991],[22.612,55.02],[22.581,55.072],[22.469,55.048],[22.419,55.057],[22.232,55.064],[22.142,55.051],[22.131,55.037],[22.071,55.026],[22.037,55.062],[22.035,55.086],[21.952,55.076],[21.85,55.099],[21.822,55.12],[21.749,55.128],[21.627,55.188],[21.575,55.199],[21.522,55.189],[21.502,55.194],[21.446,55.231],[21.434,55.253],[21.389,55.291],[21.354,55.285],[21.276,55.246],[20.957,55.282],[18.019,56.095]]]}},{"type":"Feature","properties":{"id":"EYVL-E","name":"Vilnius","prefixes":["EYVL-E"],"label":[24.323509219866,55.151083588527]},"geometry":{"type":"Polygon","coordinates":[[[22.581,55.072],[23.371,55.254],[23.812,55.464],[24.032,55.873],[23.756,56.371],[24.065,56.279],[24.469,56.262],[24.63,56.369],[24.888,56.446],[25.138,56.173],[25.948,55.986],[26.631,55.681],[26.647,55.607],[26.507,55.376],[26.463,55.357],[26.459,55.319],[26.531,55.3],[26.81,55.302],[26.852,55.296],[26.856,55.265],[26.721,55.2],[26.669,55.143],[26.509,55.124],[26.451,55.101],[26.333,55.132],[26.272,55.138],[26.235,55.093],[26.241,55.045],[26.217,55.0],[26.144,54.965],[25.855,54.881],[25.771,54.786],[25.729,54.556],[25.585,54.329],[25.595,54.305],[25.717,54.283],[25.779,54.245],[25.783,54.167],[25.715,54.136],[25.572,54.155],[25.585,54.181],[25.543,54.253],[25.457,54.267],[25.32,54.252],[25.176,54.179],[25.05,54.133],[24.807,54.066],[24.803,53.971],[24.747,53.948],[24.657,53.995],[24.411,53.891],[24.289,53.903],[24.196,53.939],[23.927,53.929],[23.8,53.9],[23.618,53.909],[23.517,53.933],[23.467,53.983],[23.517,54.033],[23.5,54.133],[23.417,54.167],[23.367,54.217],[23.233,54.25],[23.2,54.283],[23.167,54.3],[23.1,54.3],[23.033,54.317],[23.067,54.35],[23.0,54.35],[23.0,54.383],[22.95,54.383],[22.85,54.417],[22.798,54.402],[22.757,54.402],[22.695,54.499],[22.69,54.538],[22.707,54.57],[22.698,54.603],[22.751,54.641],[22.733,54.709],[22.772,54.741],[22.852,54.774],[22.881,54.797],[22.871,54.84],[22.849,54.868],[22.846,54.903],[22.795,54.911],[22.767,54.942],[22.684,54.991],[22.612,55.02],[22.581,55.072]]]}},{"type":"Feature","properties":{"id":"LDZO","name":"Zagreb","prefixes":["LDZO","LDZO_U"],"label":[16.133487,44.286691]},"geometry":{"type":"Polygon","coordinates":[[[15.64,45.825],[15.679,45.846],[15.731,46.043],[15.613,46.107],[15.617,46.218],[15.781,46.225],[15.791,46.261],[15.995,46.303],[16.052,46.376],[16.147,46.401],[16.192,46.374],[16.271,46.373],[16.298,46.441],[16.39,46.527],[16.579,46.467],[16.614,46.479],[16.671,46.464],[16.721,46.4],[16.877,46.35],[16.897,46.289],[16.975,46.226],[17.181,46.158],[17.182,46.116],[17.253,46.075],[17.233,46.059],[17.268,46.055],[17.256,46.033],[17.298,46.03],[17.268,46.01],[17.319,45.969],[17.372,45.984],[17.391,45.96],[17.351,45.948],[17.427,45.928],[17.457,45.953],[17.59,45.932],[17.663,45.847],[17.83,45.81],[17.863,45.775],[18.0,45.795],[18.068,45.773],[18.199,45.786],[18.284,45.756],[18.446,45.75],[18.575,45.805],[18.677,45.918],[18.811,45.884],[18.825,45.911],[18.898,45.924],[18.874,45.895],[18.9,45.87],[18.859,45.864],[18.848,45.813],[18.906,45.826],[18.927,45.804],[18.914,45.777],[18.854,45.77],[18.981,45.748],[18.901,45.72],[18.977,45.715],[18.971,45.697],[18.914,45.706],[18.971,45.658],[18.947,45.621],[18.913,45.618],[18.9,45.572],[18.933,45.567],[18.938,45.539],[19.014,45.553],[19.101,45.512],[19.084,45.49],[19.0,45.493],[18.993,45.453],[19.028,45.412],[18.978,45.396],[18.978,45.372],[19.083,45.338],[19.162,45.274],[19.264,45.279],[19.267,45.243],[19.413,45.235],[19.443,45.183],[19.374,45.167],[19.317,45.202],[19.277,45.178],[19.173,45.2],[19.189,45.178],[19.143,45.129],[19.081,45.142],[19.109,45.087],[19.084,44.98],[19.141,44.985],[19.154,44.954],[19.076,44.906],[18.991,44.904],[18.978,44.854],[18.84,44.86],[18.763,44.91],[18.755,44.947],[18.804,44.943],[18.792,45.002],[18.729,44.997],[18.733,45.022],[18.668,45.063],[18.673,45.096],[18.656,45.057],[18.607,45.067],[18.628,45.097],[18.6,45.083],[18.569,45.095],[18.574,45.069],[18.535,45.095],[18.53,45.048],[18.427,45.109],[18.319,45.105],[18.265,45.142],[18.21,45.126],[18.204,45.084],[18.115,45.084],[18.07,45.11],[18.069,45.143],[18.035,45.128],[18.01,45.154],[17.935,45.111],[17.939,45.083],[17.851,45.046],[17.674,45.136],[17.604,45.109],[17.553,45.131],[17.493,45.112],[17.452,45.162],[17.421,45.137],[17.36,45.141],[17.278,45.19],[17.252,45.15],[17.164,45.153],[17.059,44.965],[17.003,44.837],[16.671,43.876],[16.712,43.836],[16.748,43.774],[16.929,43.682],[17.085,43.543],[17.183,43.483],[17.202,43.498],[17.225,43.499],[17.29,43.458],[17.252,43.401],[17.339,43.257],[17.397,43.245],[17.429,43.216],[17.431,43.18],[17.648,43.082],[17.705,43.009],[17.718,42.963],[17.578,42.939],[17.648,42.889],[17.693,42.914],[17.78,42.898],[17.829,42.913],[17.894,42.815],[18.047,42.751],[18.256,42.6],[18.371,42.608],[18.439,42.551],[18.422,42.494],[18.52,42.438],[18.531,42.391],[18.317,41.417],[16.164,42.435],[14.5,43.5],[13.333,44.533],[13.0,45.3],[13.36,45.572],[13.674,45.445],[13.753,45.473],[13.905,45.436],[14.012,45.46],[14.033,45.498],[14.177,45.471],[14.439,45.511],[14.489,45.526],[14.499,45.591],[14.579,45.664],[14.623,45.657],[14.648,45.596],[14.691,45.58],[14.687,45.534],[14.797,45.503],[14.82,45.459],[14.904,45.475],[14.932,45.529],[15.116,45.454],[15.164,45.423],[15.221,45.425],[15.272,45.465],[15.334,45.453],[15.386,45.486],[15.314,45.524],[15.278,45.605],[15.404,45.658],[15.349,45.712],[15.3,45.684],[15.247,45.726],[15.464,45.787],[15.482,45.837],[15.503,45.822],[15.535,45.849],[15.596,45.846],[15.64,45.825]]]}},{"type":"Feature","properties":{"id":"LDZO-N","name":"Zagreb North","prefixes":["LDZO_N","LDZO_UN"],"label":[16.657258,45.239754]},"geometry":{"type":"MultiPolygon","coordinates":[[[[15.64,45.825],[15.679,45.846],[15.731,46.043],[15.613,46.107],[15.617,46.218],[15.781,46.225],[15.791,46.261],[15.995,46.303],[16.052,46.376],[16.147,46.401],[16.192,46.374],[16.271,46.373],[16.298,46.441],[16.39,46.527],[16.579,46.467],[16.614,46.479],[16.671,46.464],[16.721,46.4],[16.877,46.35],[16.897,46.289],[16.975,46.226],[17.181,46.158],[17.182,46.116],[17.253,46.075],[17.233,46.059],[17.268,46.055],[17.256,46.033],[17.298,46.03],[17.268,46.01],[17.319,45.969],[17.372,45.984],[17.391,45.96],[17.351,45.948],[17.427,45.928],[17.457,45.953],[17.59,45.932],[17.663,45.847],[17.83,45.81],[17.863,45.775],[18.0,45.795],[18.068,45.773],[18.199,45.786],[18.284,45.756],[18.446,45.75],[18.575,45.805],[18.677,45.918],[18.811,45.884],[18.825,45.911],[18.898,45.924],[18.874,45.895],[18.9,45.87],[18.859,45.864],[18.848,45.813],[18.906,45.826],[18.927,45.804],[18.914,45.777],[18.854,45.77],[18.981,45.748],[18.901,45.72],[18.977,45.715],[18.971,45.697],[18.914,45.706],[18.971,45.658],[18.947,45.621],[18.913,45.618],[18.9,45.572],[18.933,45.567],[18.938,45.539],[19.014,45.553],[19.101,45.512],[19.084,45.49],[19.0,45.493],[18.993,45.453],[19.028,45.412],[18.978,45.396],[18.978,45.372],[19.083,45.338],[19.162,45.274],[19.264,45.279],[19.267,45.243],[19.413,45.235],[19.443,45.183],[19.374,45.167],[19.317,45.202],[19.277,45.178],[19.173,45.2],[19.189,45.178],[19.143,45.129],[19.081,45.142],[19.109,45.087],[19.084,44.98],[19.141,44.985],[19.154,44.954],[19.076,44.906],[18.991,44.904],[18.978,44.854],[18.84,44.86],[18.763,44.91],[18.755,44.947],[18.804,44.943],[18.792,45.002],[18.729,44.997],[18.733,45.022],[18.668,45.063],[18.673,45.096],[18.656,45.057],[18.607,45.067],[18.628,45.097],[18.6,45.083],[18.569,45.095],[18.574,45.069],[18.535,45.095],[18.53,45.048],[18.427,45.109],[18.319,45.105],[18.265,45.142],[18.21,45.126],[18.204,45.084],[18.115,45.084],[18.07,45.11],[18.069,45.143],[18.035,45.128],[18.01,45.154],[17.935,45.111],[17.939,45.083],[17.851,45.046],[17.674,45.136],[17.604,45.109],[17.553,45.131],[17.493,45.112],[17.452,45.162],[17.421,45.137],[17.36,45.141],[17.278,45.19],[17.252,45.15],[17.164,45.153],[17.038,44.917],[15.912,45.55],[15.503,45.822],[15.535,45.849],[15.596,45.846],[15.64,45.825]]],[[[16.32,43.679],[15.635,44.117],[14.499,45.591],[14.579,45.664],[14.623,45.657],[14.648,45.596],[14.691,45.58],[14.687,45.534],[14.797,45.503],[14.82,45.459],[14.904,45.475],[14.932,45.529],[15.116,45.454],[15.164,45.423],[15.221,45.425],[15.272,45.465],[15.334,45.453],[15.386,45.486],[15.314,45.524],[15.278,45.605],[15.404,45.658],[15.349,45.712],[15.3,45.684],[15.247,45.726],[15.464,45.787],[15.482,45.837],[15.503,45.822],[15.764,45.644],[15.912,45.55],[16.508,45.218],[17.038,44.917],[16.958,44.71],[16.671,43.876],[16.32,43.679]]]]}},{"type":"Feature","properties":{"id":"LFEE","name":"Reims","prefixes":["LFEE"],"label":[6.55,48.36]},"geometry":{"type":"Polygon","coordinates":[[[6.0,49.45],[5.917,49.55],[5.483,49.5],[5.4,49.608],[5.317,49.617],[5.3,49.667],[5.175,49.692],[5.067,49.758],[4.85,49.783],[4.858,49.917],[4.8,49.95],[4.87,50.127],[4.896,50.14],[4.878,50.156],[4.859,50.154],[4.825,50.168],[4.764,50.138],[4.744,50.108],[4.715,50.098],[4.683,50.0],[4.483,49.933],[4.183,49.95],[4.125,50.017],[4.2,50.1],[4.117,50.15],[4.167,50.25],[4.017,50.35],[3.9,50.317],[3.792,50.333],[3.683,50.292],[3.617,50.483],[3.383,50.483],[3.283,50.517],[3.233,50.683],[3.117,50.783],[2.9,50.7],[2.783,50.717],[2.717,50.8],[2.617,50.8],[2.55,51.083],[2.0,51.117],[1.467,51.0],[1.465,50.905],[1.735,50.712],[1.538,50.602],[1.952,50.229],[1.859,50.171],[1.403,49.922],[1.809,49.606],[3.017,48.583],[2.793,48.395],[3.235,47.999],[3.529,47.528],[4.077,47.267],[4.489,47.349],[5.269,47.777],[5.783,47.467],[5.958,46.983],[6.3,47.067],[6.683,47.067],[6.955,47.243],[6.941,47.282],[7.062,47.343],[7.043,47.364],[7.343,47.372],[7.433,47.5],[7.5,47.483],[7.567,47.583],[7.5,47.633],[7.548,47.805],[7.619,47.974],[7.57,48.083],[7.658,48.217],[7.746,48.328],[7.733,48.367],[7.798,48.506],[7.8,48.6],[7.9,48.667],[7.967,48.767],[8.083,48.817],[8.217,48.967],[8.0,49.017],[7.883,49.033],[7.817,49.067],[7.683,49.05],[7.517,49.117],[7.467,49.167],[7.217,49.117],[7.117,49.15],[7.05,49.117],[7.0,49.233],[6.9,49.2],[6.85,49.217],[6.85,49.15],[6.733,49.15],[6.517,49.417],[6.417,49.467],[6.0,49.45]]]}},{"type":"Feature","properties":{"id":"LFEE-4EH","name":"Reims ACC","prefixes":["LFEE_4EH"],"label":[6.56,48.45]},"geometry":{"type":"Polygon","coordinates":[[[6.0,49.45],[6.417,49.467],[6.517,49.417],[6.733,49.15],[6.85,49.15],[6.85,49.217],[6.9,49.2],[7.0,49.233],[7.05,49.117],[7.117,49.15],[7.217,49.117],[7.467,49.167],[7.517,49.117],[7.683,49.05],[7.817,49.067],[7.883,49.033],[8.0,49.017],[8.217,48.967],[8.083,48.817],[7.967,48.767],[7.9,48.667],[7.8,48.6],[7.798,48.506],[7.733,48.367],[7.746,48.328],[7.658,48.217],[7.57,48.083],[7.619,47.974],[7.548,47.805],[7.5,47.633],[7.567,47.583],[7.5,47.483],[7.433,47.5],[7.343,47.372],[7.043,47.364],[7.062,47.343],[6.941,47.282],[6.955,47.243],[6.683,47.067],[6.3,47.067],[5.958,46.983],[5.783,47.467],[5.996,48.064],[5.733,48.25],[4.8,48.95],[6.0,49.45]]]}},{"type":"Feature","properties":{"id":"LFEE-RME","name":"Reims ACC (FL195+) - Reims","prefixes":["LFEE_HE","LFEE_HH","LFEE_KD","LFEE_KE","LFEE_KF","LFEE_KH","LFEE_RME","LFEE_UE","LFEE_UF","LFEE_UH","LFEE_XE","LFEE_XH"],"label":[4.06,48.5]},"geometry":{"type":"Polygon","coordinates":[[[5.958,46.983],[6.3,47.067],[6.683,47.067],[6.955,47.243],[6.941,47.282],[7.062,47.343],[7.043,47.364],[7.343,47.372],[7.433,47.5],[7.5,47.483],[7.567,47.583],[7.5,47.633],[7.548,47.805],[7.619,47.974],[7.57,48.083],[7.658,48.217],[7.746,48.328],[7.733,48.367],[7.798,48.506],[7.8,48.6],[7.9,48.667],[7.967,48.767],[8.083,48.817],[8.217,48.967],[8.0,49.017],[7.883,49.033],[7.817,49.067],[7.683,49.05],[7.517,49.117],[7.467,49.167],[7.217,49.117],[7.117,49.15],[7.05,49.117],[7.0,49.233],[6.9,49.2],[6.85,49.217],[6.85,49.15],[6.733,49.15],[6.517,49.417],[6.417,49.467],[6.0,49.45],[4.8,48.95],[4.214,48.976],[3.5,48.7],[3.117,48.667],[2.793,48.395],[3.235,47.999],[3.529,47.528],[4.077,47.267],[4.489,47.349],[5.183,46.7],[5.583,46.7],[5.812,46.884],[5.958,46.983]]]}},{"type":"Feature","properties":{"id":"LFFF","name":"Paris","prefixes":["PAR"],"label":[2.33,48.75]},"geometry":{"type":"Polygon","coordinates":[[[6.0,49.45],[5.917,49.55],[5.483,49.5],[5.4,49.608],[5.317,49.617],[5.3,49.667],[5.175,49.692],[5.067,49.758],[4.85,49.783],[4.858,49.917],[4.8,49.95],[4.87,50.127],[4.896,50.14],[4.878,50.156],[4.859,50.154],[4.825,50.168],[4.764,50.138],[4.744,50.108],[4.715,50.098],[4.683,50.0],[4.483,49.933],[4.183,49.95],[4.125,50.017],[4.2,50.1],[4.117,50.15],[4.167,50.25],[4.017,50.35],[3.9,50.317],[3.792,50.333],[3.683,50.292],[3.617,50.483],[3.383,50.483],[3.283,50.517],[3.233,50.683],[3.117,50.783],[2.9,50.7],[2.783,50.717],[2.717,50.8],[2.617,50.8],[2.55,51.083],[2.0,51.117],[1.467,51.0],[1.465,50.905],[1.735,50.712],[1.538,50.602],[1.952,50.229],[1.859,50.171],[1.403,49.922],[0.77,50.401],[-0.25,50.0],[-0.25,47.933],[-0.694,47.521],[-0.25,47.167],[-0.25,47.044],[0.322,47.083],[0.574,47.064],[0.987,47.004],[1.467,47.167],[1.795,46.873],[2.195,47.065],[2.833,46.75],[2.917,46.333],[3.267,46.5],[3.37,46.524],[3.5,46.567],[3.683,46.283],[4.5,46.283],[5.133,46.233],[5.183,46.7],[5.583,46.7],[5.812,46.884],[5.958,46.983],[6.3,47.067],[6.683,47.067],[6.955,47.243],[6.941,47.282],[7.062,47.343],[7.043,47.364],[7.343,47.372],[7.433,47.5],[7.5,47.483],[7.567,47.583],[7.5,47.633],[7.548,47.805],[7.619,47.974],[7.57,48.083],[7.658,48.217],[7.746,48.328],[7.733,48.367],[7.798,48.506],[7.8,48.6],[7.9,48.667],[7.967,48.767],[8.083,48.817],[8.217,48.967],[8.0,49.017],[7.883,49.033],[7.817,49.067],[7.683,49.05],[7.517,49.117],[7.467,49.167],[7.217,49.117],[7.117,49.15],[7.05,49.117],[7.0,49.233],[6.9,49.2],[6.85,49.217],[6.85,49.15],[6.733,49.15],[6.517,49.417],[6.417,49.467],[6.0,49.45]]]}},{"type":"Feature","properties":{"id":"LHCC","name":"Budapest","prefixes":["LHCC"],"label":[19.50865,47.169264]},"geometry":{"type":"Polygon","coordinates":[[[16.117,46.883],[16.275,46.962],[16.3,47.017],[16.517,47.017],[16.45,47.033],[16.533,47.05],[16.467,47.1],[16.533,47.133],[16.467,47.15],[16.483,47.267],[16.45,47.417],[16.567,47.417],[16.717,47.55],[16.65,47.633],[16.421,47.667],[16.633,47.767],[16.75,47.683],[16.867,47.717],[16.883,47.683],[17.083,47.717],[17.017,47.867],[17.167,48.017],[17.253,48.022],[17.733,47.75],[18.367,47.733],[18.571,47.765],[18.675,47.75],[18.767,47.817],[18.875,47.817],[18.783,47.883],[18.774,47.942],[18.817,48.042],[18.983,48.075],[19.117,48.067],[19.399,48.084],[19.496,48.1],[19.533,48.208],[19.65,48.242],[19.933,48.133],[20.25,48.289],[20.286,48.267],[20.333,48.283],[20.51,48.515],[20.5,48.538],[20.842,48.583],[20.875,48.554],[20.933,48.558],[20.967,48.521],[21.033,48.531],[21.104,48.517],[21.113,48.492],[21.217,48.539],[21.308,48.525],[21.325,48.56],[21.425,48.562],[21.442,48.589],[21.567,48.508],[21.614,48.509],[21.682,48.4],[21.733,48.354],[21.833,48.342],[21.854,48.365],[22.08,48.39],[22.126,48.379],[22.183,48.415],[22.225,48.425],[22.279,48.413],[22.248,48.391],[22.274,48.362],[22.325,48.364],[22.317,48.333],[22.344,48.304],[22.344,48.283],[22.379,48.25],[22.392,48.242],[22.404,48.253],[22.466,48.246],[22.5,48.258],[22.542,48.217],[22.587,48.196],[22.571,48.183],[22.6,48.15],[22.604,48.104],[22.683,48.096],[22.725,48.117],[22.825,48.117],[22.892,48.042],[22.85,47.992],[22.901,47.96],[22.842,47.899],[22.764,47.877],[22.772,47.833],[22.71,47.829],[22.673,47.78],[22.567,47.765],[22.474,47.803],[22.442,47.794],[22.437,47.746],[22.338,47.754],[22.271,47.73],[22.184,47.592],[22.125,47.586],[22.03,47.532],[22.01,47.485],[22.035,47.406],[22.0,47.376],[21.935,47.367],[21.881,47.303],[21.86,47.248],[21.862,47.19],[21.814,47.165],[21.791,47.105],[21.749,47.1],[21.66,47.031],[21.682,46.961],[21.615,46.93],[21.613,46.872],[21.531,46.824],[21.493,46.753],[21.532,46.725],[21.501,46.686],[21.427,46.683],[21.458,46.651],[21.397,46.615],[21.322,46.62],[21.321,46.56],[21.267,46.517],[21.265,46.487],[21.321,46.446],[21.292,46.412],[21.215,46.398],[21.17,46.291],[21.115,46.29],[21.108,46.255],[21.058,46.234],[21.027,46.257],[20.966,46.247],[20.932,46.279],[20.914,46.258],[20.842,46.282],[20.798,46.271],[20.762,46.248],[20.759,46.199],[20.647,46.128],[20.509,46.182],[20.463,46.138],[20.355,46.154],[20.271,46.126],[20.192,46.154],[20.15,46.14],[20.111,46.171],[20.053,46.137],[20.0,46.174],[19.817,46.126],[19.717,46.179],[19.575,46.172],[19.514,46.147],[19.526,46.11],[19.443,46.05],[19.292,46.01],[19.306,45.982],[19.184,45.985],[19.138,46.024],[19.076,45.96],[18.825,45.911],[18.811,45.884],[18.677,45.918],[18.575,45.805],[18.446,45.75],[18.284,45.756],[18.199,45.786],[18.068,45.773],[18.0,45.795],[17.863,45.775],[17.83,45.81],[17.663,45.847],[17.59,45.932],[17.457,45.953],[17.427,45.928],[17.351,45.948],[17.391,45.96],[17.372,45.984],[17.319,45.969],[17.268,46.01],[17.298,46.03],[17.256,46.033],[17.268,46.055],[17.233,46.059],[17.253,46.075],[17.182,46.116],[17.181,46.158],[16.975,46.226],[16.897,46.289],[16.877,46.35],[16.721,46.4],[16.671,46.464],[16.535,46.499],[16.516,46.56],[16.389,46.643],[16.422,46.689],[16.327,46.76],[16.346,46.842],[16.289,46.875],[16.142,46.856],[16.116,46.872],[16.117,46.883]]]}},{"type":"Feature","properties":{"id":"LIMM","name":"Milano","prefixes":["LIMM"],"label":[9.124,44.0923]},"geometry":{"type":"Polygon","coordinates":[[[7.451,45.926],[7.021,45.456],[7.153,45.354],[7.16,44.98],[7.128,44.814],[7.286,44.142],[7.625,44.146],[7.752,44.023],[7.755,43.819],[7.838,43.702],[9.75,43.167],[10.079,43.621],[10.37,43.926],[10.427,43.966],[10.573,44.098],[10.633,44.171],[11.129,44.388],[10.693,45.276],[10.512,45.561],[10.474,45.749],[10.427,45.803],[10.116,46.043],[9.959,46.378],[9.737,46.338],[9.714,46.292],[9.642,46.286],[9.535,46.31],[9.461,46.376],[9.464,46.508],[9.43,46.493],[9.409,46.467],[9.356,46.504],[9.283,46.497],[9.248,46.432],[9.284,46.385],[9.272,46.289],[9.194,46.181],[8.68,46.107],[8.443,46.252],[8.448,46.463],[8.326,46.425],[8.281,46.364],[8.223,46.331],[8.14,46.303],[8.08,46.261],[8.167,46.183],[8.147,46.139],[8.11,46.112],[8.034,46.101],[8.035,46.044],[7.989,45.996],[7.917,46.0],[7.871,45.948],[7.863,45.917],[7.723,45.936],[7.658,45.977],[7.546,45.961],[7.451,45.926]]]}},{"type":"Feature","properties":{"id":"LIMM-EN","name":"Milano EN - Milano","prefixes":["LIMM_EN"],"label":[9.0366,45.6616]},"geometry":{"type":"Polygon","coordinates":[[[10.693,45.276],[11.129,44.388],[10.633,44.171],[10.593,44.115],[10.427,43.966],[10.153,44.302],[9.592,44.529],[9.363,45.216],[9.123,45.134],[8.703,45.061],[8.599,45.315],[8.245,45.437],[7.689,45.749],[7.451,45.926],[7.546,45.961],[7.658,45.977],[7.723,45.936],[7.862,45.917],[7.871,45.948],[7.917,46.0],[7.989,45.996],[8.035,46.044],[8.034,46.101],[8.11,46.112],[8.147,46.139],[8.167,46.183],[8.08,46.261],[8.14,46.303],[8.223,46.331],[8.281,46.364],[8.326,46.425],[8.448,46.463],[8.443,46.251],[8.68,46.107],[9.194,46.181],[9.272,46.289],[9.284,46.385],[9.248,46.432],[9.283,46.497],[9.355,46.504],[9.409,46.467],[9.43,46.493],[9.464,46.508],[9.461,46.376],[9.535,46.31],[9.642,46.286],[9.714,46.292],[9.737,46.338],[9.959,46.378],[10.116,46.043],[10.427,45.803],[10.474,45.749],[10.512,45.561],[10.693,45.276]]]}},{"type":"Feature","properties":{"id":"LIMM-ES5","name":"Milano ES - Milano","prefixes":["LIMM_ES5"],"label":[9.5701,45.383]},"geometry":{"type":"Polygon","coordinates":[[[10.693,45.276],[11.129,44.388],[10.633,44.171],[10.593,44.115],[10.427,43.966],[10.153,44.302],[9.592,44.529],[9.363,45.216],[9.123,45.134],[8.703,45.061],[8.599,45.315],[8.245,45.437],[7.689,45.749],[7.451,45.926],[7.546,45.961],[7.658,45.977],[7.723,45.936],[7.862,45.917],[7.871,45.948],[7.917,46.0],[7.989,45.996],[8.035,46.044],[8.034,46.101],[8.11,46.112],[8.147,46.139],[8.167,46.183],[8.08,46.261],[8.14,46.303],[8.223,46.331],[8.281,46.364],[8.326,46.425],[8.448,46.463],[8.443,46.251],[8.68,46.107],[9.194,46.181],[9.272,46.289],[9.284,46.385],[9.248,46.432],[9.283,46.497],[9.355,46.504],[9.409,46.467],[9.43,46.493],[9.464,46.508],[9.461,46.376],[9.535,46.31],[9.642,46.286],[9.714,46.292],[9.737,46.338],[9.959,46.378],[10.116,46.043],[10.427,45.803],[10.474,45.749],[10.512,45.561],[10.693,45.276]]]}},{"type":"Feature","properties":{"id":"LIPP","name":"Padova","prefixes":["LIPP"],"label":[12.593,45.2831]},"geometry":{"type":"Polygon","coordinates":[[[10.389,47.001],[10.491,46.937],[10.383,46.684],[10.483,46.633],[10.479,46.562],[10.295,46.55],[10.217,46.618],[10.101,46.609],[10.048,46.535],[10.039,46.447],[10.129,46.431],[10.117,46.333],[10.176,46.255],[10.13,46.225],[10.05,46.217],[10.056,46.265],[10.01,46.28],[10.116,46.043],[10.427,45.803],[10.474,45.749],[10.512,45.561],[10.693,45.276],[11.129,44.388],[11.72,43.83],[11.825,43.776],[13.037,43.295],[13.682,43.251],[14.427,43.565],[13.333,44.533],[13.0,45.3],[13.36,45.572],[13.5,45.633],[13.633,45.625],[13.719,45.593],[13.845,45.578],[13.919,45.632],[13.792,45.74],[13.599,45.808],[13.579,45.854],[13.651,45.929],[13.641,45.981],[13.541,45.963],[13.485,45.995],[13.513,46.023],[13.501,46.059],[13.653,46.142],[13.666,46.175],[13.458,46.23],[13.419,46.213],[13.384,46.291],[13.445,46.357],[13.6,46.435],[13.692,46.437],[13.719,46.52],[13.5,46.567],[13.233,46.55],[12.3,46.767],[12.15,46.917],[12.217,47.067],[12.2,47.1],[11.839,46.993],[10.389,47.001]]]}},{"type":"Feature","properties":{"id":"LIPP-NW","name":"Padova NW - Padova","prefixes":["LIPP_NW"],"label":[11.2832,46.3399]},"geometry":{"type":"Polygon","coordinates":[[[10.494,45.65],[10.622,45.695],[11.028,45.804],[11.461,45.883],[11.692,45.935],[13.568,46.096],[13.653,46.142],[13.666,46.175],[13.458,46.23],[13.419,46.213],[13.384,46.291],[13.445,46.357],[13.6,46.435],[13.692,46.437],[13.719,46.52],[13.5,46.567],[13.233,46.55],[12.3,46.767],[12.15,46.917],[12.217,47.067],[12.2,47.1],[11.839,46.993],[10.389,47.001],[10.491,46.937],[10.383,46.684],[10.483,46.633],[10.479,46.562],[10.295,46.55],[10.217,46.618],[10.101,46.609],[10.048,46.535],[10.039,46.446],[10.129,46.431],[10.117,46.333],[10.176,46.256],[10.129,46.225],[10.05,46.217],[10.056,46.265],[10.01,46.28],[10.116,46.043],[10.427,45.803],[10.474,45.749],[10.494,45.65]]]}},{"type":"Feature","properties":{"id":"LJLA","name":"Ljubljana","prefixes":["LJLA","LJLA_U"],"label":[14.707096,46.028879]},"geometry":{"type":"Polygon","coordinates":[[[13.674,45.445],[13.36,45.572],[13.5,45.633],[13.633,45.625],[13.719,45.593],[13.845,45.578],[13.919,45.632],[13.792,45.74],[13.599,45.808],[13.579,45.854],[13.651,45.929],[13.641,45.981],[13.541,45.963],[13.485,45.995],[13.513,46.023],[13.501,46.059],[13.653,46.142],[13.666,46.175],[13.458,46.23],[13.419,46.213],[13.384,46.291],[13.445,46.357],[13.6,46.435],[13.692,46.437],[13.719,46.52],[13.924,46.517],[14.014,46.482],[14.092,46.486],[14.166,46.437],[14.434,46.447],[14.485,46.416],[14.523,46.425],[14.573,46.379],[14.611,46.441],[14.675,46.45],[14.727,46.5],[14.82,46.509],[14.872,46.605],[14.962,46.627],[14.983,46.605],[15.063,46.653],[15.403,46.655],[15.512,46.612],[15.56,46.676],[15.87,46.721],[16.035,46.662],[15.989,46.828],[16.116,46.872],[16.142,46.856],[16.289,46.875],[16.346,46.842],[16.327,46.76],[16.422,46.689],[16.389,46.643],[16.516,46.56],[16.535,46.499],[16.614,46.479],[16.579,46.467],[16.39,46.527],[16.298,46.441],[16.271,46.373],[16.192,46.374],[16.147,46.401],[16.052,46.376],[15.995,46.303],[15.791,46.261],[15.781,46.225],[15.617,46.218],[15.613,46.107],[15.731,46.043],[15.679,45.846],[15.64,45.825],[15.596,45.846],[15.535,45.849],[15.503,45.822],[15.482,45.837],[15.464,45.787],[15.247,45.726],[15.3,45.684],[15.349,45.712],[15.404,45.658],[15.278,45.605],[15.314,45.524],[15.386,45.486],[15.334,45.453],[15.272,45.465],[15.221,45.425],[15.164,45.423],[15.116,45.454],[14.932,45.529],[14.904,45.475],[14.82,45.459],[14.797,45.503],[14.687,45.534],[14.691,45.58],[14.648,45.596],[14.623,45.657],[14.579,45.664],[14.499,45.591],[14.489,45.526],[14.439,45.511],[14.177,45.471],[14.033,45.498],[14.012,45.46],[13.905,45.436],[13.753,45.473],[13.674,45.445]]]}},{"type":"Feature","properties":{"id":"LKAA","name":"Praha","prefixes":["LKAA"],"label":[15.475,49.8]},"geometry":{"type":"Polygon","coordinates":[[[15.0,51.017],[15.25,51.0],[15.4,50.767],[15.45,50.817],[15.75,50.733],[15.817,50.75],[15.867,50.667],[16.0,50.683],[16.033,50.6],[16.1,50.65],[16.2,50.617],[16.233,50.667],[16.333,50.65],[16.433,50.567],[16.2,50.433],[16.35,50.367],[16.55,50.217],[16.593,50.122],[16.7,50.1],[16.833,50.2],[16.95,50.233],[17.017,50.217],[17.017,50.283],[16.867,50.4],[16.917,50.433],[17.2,50.367],[17.367,50.267],[17.433,50.3],[17.617,50.25],[17.683,50.317],[17.75,50.3],[17.717,50.267],[17.75,50.2],[17.6,50.167],[17.788,50.021],[17.867,49.967],[18.0,50.017],[18.05,50.0],[18.05,50.033],[18.0,50.033],[18.033,50.067],[18.167,49.983],[18.2,50.0],[18.217,49.967],[18.517,49.9],[18.633,49.717],[18.817,49.683],[18.85,49.517],[18.8,49.533],[18.75,49.483],[18.667,49.517],[18.6,49.5],[18.583,49.517],[18.55,49.5],[18.533,49.467],[18.45,49.4],[18.417,49.4],[18.433,49.367],[18.367,49.333],[18.28,49.304],[18.2,49.3],[18.15,49.233],[18.067,49.05],[17.933,49.017],[17.883,48.933],[17.783,48.917],[17.676,48.858],[17.533,48.817],[17.467,48.85],[17.405,48.829],[17.183,48.867],[17.058,48.776],[16.95,48.617],[16.883,48.717],[16.683,48.733],[16.467,48.8],[16.367,48.733],[16.1,48.747],[16.017,48.783],[15.283,48.983],[15.167,48.95],[15.0,49.017],[14.967,48.767],[14.8,48.783],[14.667,48.583],[14.45,48.65],[14.317,48.55],[13.817,48.783],[13.76,48.8],[12.52,49.7],[12.45,49.78],[12.33,50.18],[12.36,50.3],[14.77,51.01],[15.0,51.017]]]}},{"type":"Feature","properties":{"id":"LOVV","name":"Wien","prefixes":["LOVV"],"label":[14.15,47.3]},"geometry":{"type":"Polygon","coordinates":[[[11.839,46.993],[12.2,47.1],[12.217,47.067],[12.15,46.917],[12.3,46.767],[13.233,46.55],[13.5,46.567],[13.719,46.52],[13.924,46.517],[14.014,46.482],[14.092,46.486],[14.166,46.437],[14.434,46.447],[14.485,46.416],[14.523,46.425],[14.573,46.379],[14.611,46.441],[14.675,46.45],[14.727,46.5],[14.82,46.509],[14.872,46.605],[14.962,46.627],[14.983,46.605],[15.063,46.653],[15.403,46.655],[15.512,46.612],[15.56,46.676],[15.87,46.721],[16.035,46.662],[15.989,46.828],[16.116,46.872],[16.117,46.883],[16.275,46.962],[16.3,47.017],[16.517,47.017],[16.45,47.033],[16.533,47.05],[16.467,47.1],[16.533,47.133],[16.467,47.15],[16.483,47.267],[16.45,47.417],[16.567,47.417],[16.717,47.55],[16.65,47.633],[16.421,47.667],[16.633,47.767],[16.75,47.683],[16.867,47.717],[16.883,47.683],[17.083,47.717],[17.017,47.867],[17.167,48.017],[17.083,48.033],[17.067,48.133],[16.983,48.167],[16.909,48.326],[16.833,48.383],[16.933,48.517],[16.95,48.617],[16.883,48.717],[16.683,48.733],[16.467,48.8],[16.367,48.733],[16.1,48.747],[16.017,48.783],[15.283,48.983],[15.167,48.95],[15.0,49.017],[14.967,48.767],[14.8,48.783],[14.667,48.583],[14.45,48.65],[14.317,48.55],[13.817,48.783],[13.76,48.8],[13.18,48.29],[13.08,48.26],[12.68,48.24],[12.71,48.15],[12.54,48.03],[12.66,47.94],[12.81,47.7],[12.05,47.62],[11.476,47.571],[11.138,47.392],[10.553,47.55],[10.287,47.323],[9.733,47.534],[10.141,47.11],[10.389,47.001],[11.839,46.993]]]}},{"type":"Feature","properties":{"id":"LOVV-B","name":"Wien","prefixes":["LOVV_B"],"label":[13.25,47.8]},"geometry":{"type":"Polygon","coordinates":[[[13.08,48.26],[12.68,48.24],[12.71,48.15],[12.54,48.03],[12.66,47.94],[12.81,47.7],[12.05,47.62],[11.476,47.571],[11.138,47.392],[10.553,47.55],[10.287,47.323],[9.733,47.534],[10.141,47.11],[10.389,47.001],[11.839,46.993],[12.2,47.1],[12.217,47.067],[12.15,46.917],[12.3,46.767],[13.233,46.55],[13.5,46.567],[13.719,46.52],[13.924,46.517],[14.014,46.482],[14.092,46.486],[14.166,46.437],[14.434,46.447],[14.485,46.416],[14.523,46.425],[14.573,46.379],[14.611,46.441],[14.675,46.45],[14.727,46.5],[14.82,46.509],[14.872,46.605],[14.962,46.627],[14.983,46.605],[15.063,46.653],[15.403,46.655],[15.512,46.612],[15.56,46.676],[15.87,46.721],[16.035,46.662],[15.989,46.828],[16.116,46.872],[16.117,46.883],[16.275,46.962],[16.3,47.017],[16.517,47.017],[16.45,47.033],[16.533,47.05],[16.467,47.1],[16.533,47.133],[16.467,47.15],[14.991,47.699],[14.301,47.704],[13.871,48.002],[13.08,48.26]]]}},{"type":"Feature","properties":{"id":"LOVV-C","name":"Wien","prefixes":["LOVV_C"],"label":[14.15,47.2]},"geometry":{"type":"Polygon","coordinates":[[[11.839,46.993],[12.2,47.1],[12.217,47.067],[12.15,46.917],[12.3,46.767],[13.233,46.55],[13.5,46.567],[13.719,46.52],[13.924,46.517],[14.014,46.482],[14.092,46.486],[14.166,46.437],[14.434,46.447],[14.485,46.416],[14.523,46.425],[14.573,46.379],[14.611,46.441],[14.675,46.45],[14.727,46.5],[14.82,46.509],[14.872,46.605],[14.962,46.627],[14.983,46.605],[15.063,46.653],[15.403,46.655],[15.512,46.612],[15.56,46.676],[15.87,46.721],[16.035,46.662],[15.989,46.828],[16.116,46.872],[16.117,46.883],[16.275,46.962],[16.3,47.017],[16.517,47.017],[16.45,47.033],[16.533,47.05],[16.467,47.1],[16.533,47.133],[16.467,47.15],[16.483,47.267],[16.45,47.417],[16.567,47.417],[16.717,47.55],[16.65,47.633],[16.421,47.667],[16.633,47.767],[16.75,47.683],[16.867,47.717],[16.883,47.683],[17.083,47.717],[17.017,47.867],[17.167,48.017],[17.083,48.033],[17.067,48.133],[16.983,48.167],[16.909,48.326],[16.833,48.383],[16.933,48.517],[16.95,48.617],[16.883,48.717],[16.683,48.733],[16.467,48.8],[16.367,48.733],[16.1,48.747],[16.017,48.783],[15.283,48.983],[15.167,48.95],[15.0,49.017],[14.967,48.767],[14.8,48.783],[14.667,48.583],[14.45,48.65],[14.317,48.55],[13.817,48.783],[13.76,48.8],[13.18,48.29],[13.08,48.26],[12.68,48.24],[12.71,48.15],[12.54,48.03],[12.66,47.94],[12.81,47.7],[12.05,47.62],[11.839,46.993]]]}},{"type":"Feature","properties":{"id":"LOVV-E","name":"Wien","prefixes":["LOVV_E"],"label":[16.3,48.15]},"geometry":{"type":"Polygon","coordinates":[[[16.467,47.15],[16.483,47.267],[16.45,47.417],[16.567,47.417],[16.717,47.55],[16.65,47.633],[16.421,47.667],[16.633,47.767],[16.75,47.683],[16.867,47.717],[16.883,47.683],[17.083,47.717],[17.017,47.867],[17.167,48.017],[17.083,48.033],[17.067,48.133],[16.983,48.167],[16.909,48.326],[16.833,48.383],[16.933,48.517],[16.95,48.617],[16.883,48.717],[16.683,48.733],[16.467,48.8],[16.367,48.733],[16.1,48.747],[16.017,48.783],[15.283,48.983],[15.167,48.95],[15.0,49.017],[14.967,48.767],[14.8,48.783],[14.667,48.583],[14.45,48.65],[14.317,48.55],[13.817,48.783],[13.76,48.8],[13.18,48.29],[13.08,48.26],[13.871,48.002],[14.301,47.704],[14.277,47.608],[13.845,47.395],[15.063,46.653],[15.403,46.655],[15.512,46.612],[15.56,46.676],[15.87,46.721],[16.035,46.662],[15.989,46.828],[16.116,46.872],[16.117,46.883],[16.275,46.962],[16.3,47.017],[16.517,47.017],[16.45,47.033],[16.533,47.05],[16.467,47.1],[16.533,47.133],[16.467,47.15]]]}},{"type":"Feature","properties":{"id":"LOVV-N","name":"Wien","prefixes":["LOVV_F","LOVV_N"],"label":[14.35,48.15]},"geometry":{"type":"Polygon","coordinates":[[[14.967,48.767],[14.8,48.783],[14.667,48.583],[14.45,48.65],[14.317,48.55],[13.817,48.783],[13.76,48.8],[13.18,48.29],[13.08,48.26],[12.68,48.24],[12.71,48.15],[12.54,48.03],[12.66,47.94],[12.81,47.7],[13.333,47.45],[13.845,47.395],[14.277,47.608],[14.301,47.704],[14.991,47.699],[16.467,47.15],[16.483,47.267],[16.45,47.417],[16.567,47.417],[16.717,47.55],[16.65,47.633],[16.421,47.667],[16.633,47.767],[16.75,47.683],[16.867,47.717],[16.883,47.683],[17.083,47.717],[17.017,47.867],[17.167,48.017],[17.083,48.033],[17.067,48.133],[16.983,48.167],[16.909,48.326],[16.833,48.383],[16.933,48.517],[16.95,48.617],[16.883,48.717],[16.683,48.733],[16.467,48.8],[16.367,48.733],[16.1,48.747],[16.017,48.783],[15.283,48.983],[15.167,48.95],[15.0,49.017],[14.967,48.767]]]}},{"type":"Feature","properties":{"id":"LOVV-W","name":"Wien","prefixes":["LOVV_W"],"label":[13.15,46.95]},"geometry":{"type":"Polygon","coordinates":[[[11.839,46.993],[12.2,47.1],[12.217,47.067],[12.15,46.917],[12.3,46.767],[13.233,46.55],[13.5,46.567],[13.719,46.52],[13.924,46.517],[14.014,46.482],[14.092,46.486],[14.166,46.437],[14.434,46.447],[14.485,46.416],[14.523,46.425],[14.573,46.379],[14.611,46.441],[14.675,46.45],[14.727,46.5],[14.82,46.509],[14.872,46.605],[14.962,46.627],[14.983,46.605],[15.063,46.653],[13.845,47.395],[14.277,47.608],[14.301,47.704],[13.871,48.002],[13.08,48.26],[12.68,48.24],[12.71,48.15],[12.54,48.03],[12.66,47.94],[12.81,47.7],[12.05,47.62],[11.476,47.571],[11.138,47.392],[10.553,47.55],[10.287,47.323],[9.733,47.534],[10.141,47.11],[10.389,47.001],[11.839,46.993]]]}},{"type":"Feature","properties":{"id":"LRBB","name":"Bucuresti ACC (Bandbox Sector) - Bucharest","prefixes":["LRBB"],"label":[24.11599853,44.5848866]},"geometry":{"type":"Polygon","coordinates":[[[20.271,46.126],[20.379,45.977],[20.474,45.958],[20.521,45.911],[20.586,45.904],[20.703,45.75],[20.818,45.767],[20.81,45.649],[20.775,45.596],[20.833,45.521],[20.792,45.478],[20.863,45.465],[20.884,45.419],[21.062,45.311],[21.12,45.29],[21.178,45.319],[21.22,45.248],[21.274,45.224],[21.421,45.219],[21.53,45.151],[21.446,45.029],[21.399,45.028],[21.377,45.0],[21.437,44.951],[21.549,44.924],[21.561,44.884],[21.497,44.858],[21.379,44.857],[21.361,44.827],[21.41,44.776],[21.58,44.757],[21.641,44.663],[22.0,44.623],[22.087,44.492],[22.146,44.47],[22.19,44.489],[22.313,44.662],[22.436,44.706],[22.493,44.697],[22.605,44.617],[22.675,44.614],[22.767,44.55],[22.741,44.522],[22.695,44.514],[22.601,44.546],[22.532,44.471],[22.462,44.465],[22.543,44.315],[22.688,44.273],[22.673,44.212],[23.029,44.103],[23.044,44.061],[22.907,44.0],[22.849,43.896],[22.884,43.845],[22.994,43.821],[23.38,43.85],[23.717,43.8],[24.0,43.733],[24.2,43.7],[24.5,43.767],[24.85,43.7],[25.367,43.667],[25.55,43.633],[25.7,43.683],[26.133,43.967],[27.0,44.133],[27.283,44.117],[27.4,44.033],[27.95,43.983],[28.0,43.833],[28.6,43.75],[29.0,43.667],[29.033,43.733],[30.533,43.683],[30.4,44.25],[29.967,45.15],[29.667,45.217],[29.649,45.333],[29.566,45.399],[29.416,45.433],[29.333,45.433],[29.216,45.416],[28.966,45.316],[28.933,45.283],[28.799,45.333],[28.799,45.299],[28.766,45.283],[28.799,45.233],[28.666,45.233],[28.333,45.333],[28.283,45.416],[28.283,45.449],[28.205,45.473],[28.26,45.52],[28.305,45.546],[28.427,45.487],[28.512,45.502],[28.544,45.581],[28.483,45.659],[28.478,45.685],[28.522,45.738],[28.581,45.773],[28.709,45.781],[28.786,45.835],[28.757,45.929],[28.775,45.973],[28.978,46.004],[29.004,46.048],[28.949,46.092],[29.066,46.195],[28.953,46.256],[28.992,46.33],[28.932,46.458],[29.162,46.546],[29.236,46.557],[29.254,46.488],[29.324,46.414],[29.482,46.439],[29.567,46.412],[29.583,46.362],[29.671,46.366],[29.652,46.436],[29.748,46.468],[29.811,46.385],[29.891,46.358],[29.943,46.398],[30.092,46.381],[30.16,46.426],[30.05,46.44],[29.943,46.561],[29.971,46.759],[29.886,46.886],[29.748,46.858],[29.724,46.928],[29.625,47.044],[29.581,47.137],[29.594,47.259],[29.57,47.37],[29.482,47.309],[29.386,47.378],[29.309,47.447],[29.24,47.462],[29.215,47.615],[29.226,47.684],[29.229,47.797],[29.218,47.848],[29.279,47.889],[29.204,47.885],[29.174,47.994],[29.119,47.994],[29.056,47.944],[28.922,47.964],[28.834,48.133],[28.57,48.177],[28.51,48.153],[28.427,48.172],[28.375,48.172],[28.367,48.208],[28.342,48.247],[28.196,48.21],[28.185,48.256],[28.144,48.263],[28.051,48.325],[27.959,48.327],[27.883,48.372],[27.879,48.398],[27.828,48.422],[27.739,48.457],[27.654,48.442],[27.589,48.495],[27.381,48.412],[27.372,48.445],[27.327,48.447],[27.286,48.374],[27.131,48.378],[27.08,48.435],[27.02,48.423],[27.041,48.378],[26.923,48.365],[26.873,48.418],[26.706,48.406],[26.633,48.249],[26.616,48.249],[26.624,48.241],[26.591,48.246],[26.574,48.22],[26.554,48.227],[26.549,48.216],[26.466,48.216],[26.452,48.206],[26.381,48.19],[26.379,48.199],[26.365,48.188],[26.349,48.195],[26.316,48.183],[26.324,48.162],[26.283,48.091],[26.233,48.049],[26.199,47.999],[26.099,47.99],[26.074,47.999],[25.966,47.974],[25.933,47.983],[25.899,47.966],[25.849,47.97],[25.783,47.941],[25.633,47.949],[25.466,47.933],[25.383,47.933],[25.233,47.899],[25.116,47.766],[24.999,47.733],[24.883,47.733],[24.883,47.756],[24.833,47.824],[24.778,47.841],[24.758,47.837],[24.683,47.866],[24.674,47.899],[24.633,47.949],[24.574,47.973],[24.516,47.96],[24.449,47.983],[24.399,47.966],[24.383,47.933],[24.366,47.924],[24.333,47.933],[24.233,47.903],[24.203,47.924],[24.116,47.924],[24.066,47.958],[23.999,47.971],[23.949,47.971],[23.866,47.941],[23.816,47.991],[23.766,47.999],[23.699,47.999],[23.666,47.991],[23.622,48.003],[23.531,48.003],[23.499,47.983],[23.343,48.027],[23.333,48.04],[23.287,48.058],[23.299,48.076],[23.278,48.087],[23.271,48.102],[23.249,48.092],[23.208,48.096],[23.183,48.12],[23.133,48.087],[23.099,48.008],[23.033,47.991],[22.933,48.024],[22.946,47.966],[22.901,47.96],[22.842,47.899],[22.764,47.877],[22.772,47.833],[22.71,47.829],[22.673,47.78],[22.567,47.765],[22.474,47.803],[22.442,47.794],[22.437,47.746],[22.338,47.754],[22.271,47.73],[22.184,47.592],[22.125,47.586],[22.03,47.532],[22.01,47.485],[22.035,47.406],[22.0,47.376],[21.935,47.367],[21.881,47.303],[21.86,47.248],[21.862,47.19],[21.814,47.165],[21.791,47.105],[21.749,47.1],[21.66,47.031],[21.682,46.961],[21.615,46.93],[21.613,46.872],[21.531,46.824],[21.493,46.753],[21.532,46.725],[21.501,46.686],[21.427,46.683],[21.458,46.651],[21.397,46.615],[21.322,46.62],[21.321,46.56],[21.267,46.517],[21.265,46.487],[21.321,46.446],[21.292,46.412],[21.215,46.398],[21.17,46.291],[21.115,46.29],[21.108,46.255],[21.058,46.234],[21.027,46.257],[20.966,46.247],[20.932,46.279],[20.914,46.258],[20.842,46.282],[20.798,46.271],[20.762,46.248],[20.759,46.199],[20.647,46.128],[20.509,46.182],[20.463,46.138],[20.355,46.154],[20.271,46.126]]]}},{"type":"Feature","properties":{"id":"LRBB-E","name":"Bucuresti ACC (East Sector) - Bucharest","prefixes":["LRBB_E"],"label":[27.053292,46.217361]},"geometry":{"type":"Polygon","coordinates":[[[25.624,46.666],[24.883,47.733],[24.999,47.733],[25.116,47.766],[25.233,47.899],[25.383,47.933],[25.466,47.933],[25.633,47.949],[25.783,47.941],[25.849,47.97],[25.899,47.966],[25.933,47.983],[25.966,47.974],[26.074,47.999],[26.099,47.99],[26.199,47.999],[26.233,48.049],[26.283,48.091],[26.324,48.162],[26.316,48.183],[26.349,48.195],[26.365,48.188],[26.379,48.199],[26.381,48.19],[26.452,48.206],[26.466,48.216],[26.549,48.216],[26.554,48.227],[26.574,48.22],[26.591,48.246],[26.624,48.241],[26.616,48.249],[26.633,48.249],[26.635,48.262],[26.649,48.255],[26.666,48.266],[26.666,48.249],[26.691,48.252],[26.699,48.266],[26.716,48.249],[26.735,48.258],[26.733,48.241],[26.808,48.253],[26.833,48.233],[26.883,48.217],[26.9,48.183],[26.95,48.2],[26.95,48.167],[26.983,48.15],[26.95,48.133],[27.033,48.117],[27.083,48.017],[27.167,47.983],[27.15,47.967],[27.167,47.95],[27.15,47.917],[27.2,47.9],[27.283,47.733],[27.25,47.717],[27.417,47.583],[27.483,47.5],[27.567,47.467],[27.567,47.383],[27.633,47.317],[27.717,47.3],[27.817,47.167],[27.8,47.15],[27.85,47.133],[27.833,47.117],[28.033,47.033],[28.1,46.983],[28.133,46.8],[28.25,46.633],[28.217,46.5],[28.25,46.433],[28.2,46.367],[28.2,46.317],[28.1,46.25],[28.133,46.183],[28.092,46.017],[28.125,45.925],[28.117,45.808],[28.152,45.78],[28.175,45.638],[28.067,45.608],[28.079,45.592],[28.092,45.596],[28.163,45.55],[28.188,45.473],[28.283,45.449],[28.283,45.416],[28.333,45.333],[28.666,45.233],[28.799,45.233],[28.766,45.283],[28.799,45.299],[28.799,45.333],[28.933,45.283],[28.966,45.316],[29.216,45.416],[29.333,45.433],[29.416,45.433],[29.566,45.399],[29.649,45.333],[29.667,45.217],[29.967,45.15],[30.4,44.25],[30.533,43.683],[29.033,43.733],[29.0,43.667],[28.6,43.75],[28.0,43.833],[27.708,44.756],[27.103,45.329],[25.624,46.666]]]}},{"type":"Feature","properties":{"id":"LRBB-W","name":"Bucuresti ACC (West Sector) - Bucharest","prefixes":["LRBB_W"],"label":[22.5625,46.7275]},"geometry":{"type":"Polygon","coordinates":[[[20.271,46.126],[20.355,46.154],[20.463,46.138],[20.509,46.182],[20.647,46.128],[20.759,46.199],[20.762,46.248],[20.798,46.271],[20.842,46.282],[20.914,46.258],[20.932,46.279],[20.966,46.247],[21.027,46.257],[21.058,46.234],[21.108,46.255],[21.115,46.29],[21.17,46.291],[21.215,46.398],[21.292,46.412],[21.321,46.446],[21.265,46.487],[21.267,46.517],[21.321,46.56],[21.322,46.62],[21.397,46.615],[21.458,46.651],[21.427,46.683],[21.501,46.686],[21.532,46.725],[21.493,46.753],[21.531,46.824],[21.613,46.872],[21.615,46.93],[21.682,46.961],[21.66,47.031],[21.749,47.1],[21.791,47.105],[21.814,47.165],[21.862,47.19],[21.86,47.248],[21.881,47.303],[21.935,47.367],[22.0,47.376],[22.035,47.406],[22.01,47.485],[22.03,47.532],[22.125,47.586],[22.184,47.592],[22.271,47.73],[22.338,47.754],[22.437,47.746],[22.442,47.794],[22.474,47.803],[22.567,47.765],[22.673,47.78],[22.71,47.829],[22.772,47.833],[22.764,47.877],[22.842,47.899],[22.901,47.96],[22.946,47.966],[22.933,48.024],[23.033,47.991],[23.099,48.008],[23.133,48.087],[23.183,48.12],[23.208,48.096],[23.249,48.092],[23.271,48.102],[23.278,48.087],[23.299,48.076],[23.287,48.058],[23.333,48.04],[23.343,48.027],[23.499,47.983],[23.531,48.003],[23.622,48.003],[23.666,47.991],[23.699,47.999],[23.766,47.999],[23.816,47.991],[23.866,47.941],[23.949,47.971],[23.999,47.971],[24.066,47.958],[24.116,47.924],[24.203,47.924],[24.233,47.903],[24.333,47.933],[24.366,47.924],[24.383,47.933],[24.399,47.966],[24.449,47.983],[24.516,47.96],[24.574,47.973],[24.633,47.949],[24.674,47.899],[24.683,47.866],[24.758,47.837],[24.778,47.841],[24.833,47.824],[24.883,47.756],[24.883,47.733],[25.624,46.666],[23.786,46.221],[22.605,44.617],[22.493,44.697],[22.436,44.706],[22.313,44.662],[22.19,44.489],[22.146,44.47],[22.087,44.492],[22.0,44.623],[21.641,44.663],[21.58,44.757],[21.41,44.776],[21.361,44.827],[21.379,44.857],[21.497,44.858],[21.561,44.884],[21.549,44.924],[21.437,44.951],[21.377,45.0],[21.399,45.028],[21.446,45.029],[21.53,45.151],[21.421,45.219],[21.274,45.224],[21.22,45.248],[21.178,45.319],[21.12,45.29],[21.062,45.311],[20.884,45.419],[20.863,45.465],[20.792,45.478],[20.833,45.521],[20.775,45.596],[20.81,45.649],[20.818,45.767],[20.703,45.75],[20.586,45.904],[20.521,45.911],[20.474,45.958],[20.379,45.977],[20.271,46.126]]]}},{"type":"Feature","properties":{"id":"LSAG","name":"Swiss Radar (Geneva ACC) - Switzerland","prefixes":["LSAG"],"label":[6.682834,46.216957]},"geometry":{"type":"Polygon","coordinates":[[[6.955,47.243],[6.683,47.067],[6.3,47.067],[5.958,46.983],[5.812,46.884],[5.583,46.7],[5.183,46.7],[5.133,46.233],[5.7,46.117],[6.05,45.85],[6.333,45.583],[6.767,44.8],[7.013,44.8],[7.128,44.814],[7.16,44.98],[7.153,45.354],[7.021,45.456],[7.451,45.926],[7.546,45.961],[7.658,45.977],[7.723,45.936],[7.863,45.917],[7.871,45.948],[7.917,46.0],[7.989,45.996],[8.035,46.044],[8.034,46.101],[8.11,46.112],[8.147,46.139],[8.167,46.183],[8.08,46.261],[8.14,46.303],[8.223,46.331],[7.992,46.514],[7.803,46.51],[6.955,47.243]]]}},{"type":"Feature","properties":{"id":"LSAS","name":"Swiss Radar - Switzerland","prefixes":["LSAS"],"label":[7.862335,46.762858]},"geometry":{"type":"Polygon","coordinates":[[[6.955,47.243],[6.683,47.067],[6.3,47.067],[5.958,46.983],[5.812,46.884],[5.583,46.7],[5.183,46.7],[5.133,46.233],[5.7,46.117],[6.05,45.85],[6.333,45.583],[6.767,44.8],[7.013,44.8],[7.128,44.814],[7.16,44.98],[7.153,45.354],[7.021,45.456],[7.451,45.926],[7.546,45.961],[7.658,45.977],[7.723,45.936],[7.863,45.917],[7.871,45.948],[7.917,46.0],[7.989,45.996],[8.035,46.044],[8.034,46.101],[8.11,46.112],[8.147,46.139],[8.167,46.183],[8.08,46.261],[8.14,46.303],[8.223,46.331],[8.281,46.364],[8.326,46.425],[8.448,46.463],[8.443,46.252],[8.68,46.107],[9.194,46.181],[9.272,46.289],[9.284,46.385],[9.248,46.432],[9.283,46.497],[9.356,46.504],[9.409,46.467],[9.43,46.493],[9.464,46.508],[9.461,46.376],[9.535,46.31],[9.642,46.286],[9.714,46.292],[9.737,46.338],[9.959,46.378],[9.998,46.284],[10.056,46.265],[10.05,46.217],[10.13,46.225],[10.176,46.255],[10.117,46.333],[10.129,46.431],[10.039,46.447],[10.048,46.535],[10.101,46.609],[10.217,46.618],[10.295,46.55],[10.479,46.562],[10.483,46.633],[10.383,46.684],[10.491,46.937],[10.389,47.001],[10.141,47.11],[9.733,47.534],[9.55,47.8],[9.55,48.167],[8.321,48.17],[7.967,48.1],[7.57,48.083],[7.619,47.974],[7.548,47.805],[7.5,47.633],[7.567,47.583],[7.5,47.483],[7.433,47.5],[7.343,47.372],[7.043,47.364],[7.062,47.343],[6.941,47.282],[6.955,47.243]]]}},{"type":"Feature","properties":{"id":"LSAZ","name":"Swiss Radar (Zurich ACC) - Switzerland","prefixes":["LSAZ"],"label":[8.749433,47.173429]},"geometry":{"type":"Polygon","coordinates":[[[6.955,47.243],[7.803,46.51],[7.992,46.514],[8.223,46.331],[8.281,46.364],[8.326,46.425],[8.448,46.463],[8.443,46.252],[8.68,46.107],[9.194,46.181],[9.272,46.289],[9.284,46.385],[9.248,46.432],[9.283,46.497],[9.356,46.504],[9.409,46.467],[9.43,46.493],[9.464,46.508],[9.461,46.376],[9.535,46.31],[9.642,46.286],[9.714,46.292],[9.737,46.338],[9.959,46.378],[9.998,46.284],[10.056,46.265],[10.05,46.217],[10.13,46.225],[10.176,46.255],[10.117,46.333],[10.129,46.431],[10.039,46.447],[10.048,46.535],[10.101,46.609],[10.217,46.618],[10.295,46.55],[10.479,46.562],[10.483,46.633],[10.383,46.684],[10.491,46.937],[10.389,47.001],[10.141,47.11],[9.733,47.534],[9.55,47.8],[9.55,48.167],[8.321,48.17],[7.967,48.1],[7.57,48.083],[7.619,47.974],[7.548,47.805],[7.5,47.633],[7.567,47.583],[7.5,47.483],[7.433,47.5],[7.343,47.372],[7.043,47.364],[7.062,47.343],[6.941,47.282],[6.955,47.243]]]}},{"type":"Feature","properties":{"id":"LUUU","name":"Chisinau","prefixes":["LUUU"],"label":[29.0,46.959166]},"geometry":{"type":"Polygon","coordinates":[[[27.739,48.457],[27.879,48.398],[27.883,48.372],[27.959,48.327],[28.051,48.325],[28.144,48.263],[28.185,48.256],[28.196,48.21],[28.342,48.247],[28.367,48.208],[28.375,48.172],[28.427,48.172],[28.51,48.153],[28.57,48.177],[28.834,48.133],[28.922,47.964],[29.056,47.944],[29.119,47.994],[29.174,47.994],[29.204,47.885],[29.279,47.889],[29.218,47.848],[29.229,47.797],[29.226,47.684],[29.215,47.615],[29.24,47.462],[29.309,47.447],[29.386,47.378],[29.482,47.309],[29.57,47.37],[29.594,47.259],[29.581,47.137],[29.625,47.044],[29.724,46.928],[29.748,46.858],[29.886,46.886],[29.971,46.759],[29.943,46.561],[30.05,46.44],[30.16,46.426],[30.092,46.381],[29.943,46.398],[29.891,46.358],[29.811,46.385],[29.748,46.468],[29.652,46.436],[29.671,46.366],[29.583,46.362],[29.567,46.412],[29.482,46.439],[29.324,46.414],[29.254,46.488],[29.236,46.557],[29.162,46.546],[28.932,46.458],[28.992,46.33],[28.953,46.256],[29.066,46.195],[28.949,46.092],[29.004,46.048],[28.978,46.004],[28.775,45.973],[28.757,45.929],[28.786,45.835],[28.709,45.781],[28.581,45.773],[28.522,45.738],[28.478,45.685],[28.483,45.659],[28.544,45.581],[28.512,45.502],[28.427,45.487],[28.305,45.546],[28.26,45.52],[28.205,45.473],[28.188,45.473],[28.163,45.55],[28.092,45.596],[28.079,45.592],[28.067,45.608],[28.175,45.638],[28.152,45.78],[28.117,45.808],[28.125,45.925],[28.092,46.017],[28.133,46.183],[28.1,46.25],[28.2,46.317],[28.2,46.367],[28.25,46.433],[28.217,46.5],[28.25,46.633],[28.133,46.8],[28.1,46.983],[28.033,47.033],[27.833,47.117],[27.85,47.133],[27.8,47.15],[27.817,47.167],[27.717,47.3],[27.633,47.317],[27.567,47.383],[27.567,47.467],[27.483,47.5],[27.417,47.583],[27.25,47.717],[27.283,47.733],[27.2,47.9],[27.15,47.917],[27.167,47.95],[27.15,47.967],[27.167,47.983],[27.083,48.017],[27.033,48.117],[26.95,48.133],[26.983,48.15],[26.95,48.167],[26.95,48.2],[26.9,48.183],[26.883,48.217],[26.833,48.233],[26.808,48.253],[26.733,48.241],[26.735,48.258],[26.716,48.249],[26.699,48.266],[26.691,48.252],[26.666,48.249],[26.666,48.266],[26.649,48.255],[26.635,48.262],[26.689,48.358],[26.706,48.406],[26.873,48.418],[26.923,48.365],[27.041,48.378],[27.02,48.423],[27.08,48.435],[27.131,48.378],[27.286,48.374],[27.327,48.447],[27.372,48.445],[27.381,48.412],[27.589,48.495],[27.654,48.442],[27.739,48.457]]]}},{"type":"Feature","properties":{"id":"LYBA","name":"Beograd","prefixes":["LYBA","LYBA_U"],"label":[20.442133,43.850464]},"geometry":{"type":"Polygon","coordinates":[[[19.181,44.574],[19.338,44.741],[19.368,44.886],[19.255,44.914],[19.214,44.9],[19.177,44.925],[19.066,44.866],[18.979,44.854],[18.991,44.904],[19.076,44.906],[19.154,44.954],[19.141,44.985],[19.084,44.98],[19.109,45.087],[19.081,45.142],[19.143,45.129],[19.189,45.178],[19.173,45.2],[19.277,45.178],[19.317,45.202],[19.374,45.167],[19.443,45.183],[19.413,45.235],[19.267,45.243],[19.264,45.279],[19.162,45.274],[19.083,45.338],[18.978,45.372],[18.978,45.396],[19.028,45.412],[18.993,45.453],[19.0,45.493],[19.084,45.49],[19.101,45.512],[19.014,45.553],[18.938,45.539],[18.933,45.567],[18.9,45.572],[18.913,45.618],[18.947,45.621],[18.971,45.658],[18.914,45.706],[18.971,45.697],[18.977,45.715],[18.901,45.72],[18.981,45.748],[18.854,45.77],[18.914,45.777],[18.927,45.804],[18.906,45.826],[18.848,45.813],[18.859,45.864],[18.9,45.87],[18.874,45.895],[18.898,45.924],[19.076,45.96],[19.138,46.024],[19.184,45.985],[19.306,45.982],[19.292,46.01],[19.443,46.05],[19.526,46.11],[19.514,46.147],[19.575,46.172],[19.717,46.179],[19.817,46.126],[20.0,46.174],[20.053,46.137],[20.111,46.171],[20.15,46.14],[20.192,46.154],[20.271,46.126],[20.379,45.977],[20.474,45.958],[20.521,45.911],[20.586,45.904],[20.703,45.75],[20.818,45.767],[20.81,45.649],[20.775,45.596],[20.833,45.521],[20.792,45.478],[20.863,45.465],[20.884,45.419],[21.062,45.311],[21.12,45.29],[21.178,45.319],[21.22,45.248],[21.274,45.224],[21.421,45.219],[21.53,45.151],[21.446,45.029],[21.399,45.028],[21.377,45.0],[21.437,44.951],[21.549,44.924],[21.561,44.884],[21.497,44.858],[21.379,44.857],[21.361,44.827],[21.41,44.776],[21.58,44.757],[21.641,44.663],[22.0,44.623],[22.087,44.492],[22.146,44.47],[22.19,44.489],[22.313,44.662],[22.436,44.706],[22.493,44.697],[22.605,44.617],[22.675,44.614],[22.767,44.55],[22.741,44.522],[22.695,44.514],[22.601,44.546],[22.532,44.471],[22.462,44.465],[22.543,44.315],[22.688,44.273],[22.673,44.212],[22.618,44.16],[22.617,44.069],[22.419,44.0],[22.367,43.809],[22.411,43.697],[22.494,43.636],[22.538,43.472],[22.83,43.328],[22.893,43.235],[22.992,43.202],[22.994,43.137],[22.904,43.028],[22.797,42.978],[22.755,42.89],[22.671,42.869],[22.596,42.892],[22.44,42.826],[22.501,42.738],[22.463,42.692],[22.445,42.571],[22.528,42.525],[22.559,42.474],[22.449,42.327],[22.41,42.334],[22.365,42.316],[22.38,42.303],[22.122,42.302],[21.783,42.283],[21.612,42.231],[21.584,42.281],[21.564,42.298],[21.56,42.314],[21.541,42.31],[21.525,42.327],[21.542,42.372],[21.571,42.363],[21.58,42.367],[21.575,42.376],[21.595,42.384],[21.606,42.374],[21.622,42.378],[21.645,42.414],[21.622,42.453],[21.693,42.503],[21.694,42.515],[21.711,42.515],[21.695,42.534],[21.709,42.551],[21.726,42.547],[21.749,42.563],[21.734,42.602],[21.75,42.606],[21.76,42.637],[21.77,42.634],[21.79,42.651],[21.753,42.701],[21.672,42.686],[21.66,42.667],[21.635,42.699],[21.588,42.706],[21.591,42.725],[21.56,42.736],[21.542,42.723],[21.477,42.748],[21.468,42.736],[21.45,42.749],[21.398,42.744],[21.389,42.753],[21.408,42.767],[21.422,42.809],[21.423,42.847],[21.436,42.851],[21.435,42.872],[21.362,42.873],[21.34,42.9],[21.294,42.903],[21.271,42.895],[21.27,42.91],[21.234,42.958],[21.243,42.98],[21.235,43.009],[21.225,43.02],[21.197,43.023],[21.194,43.008],[21.17,43.001],[21.167,43.027],[21.156,43.029],[21.152,43.06],[21.14,43.082],[21.15,43.091],[21.137,43.113],[21.112,43.112],[21.089,43.135],[21.078,43.129],[21.079,43.116],[21.049,43.107],[21.024,43.13],[20.977,43.135],[20.967,43.124],[20.838,43.173],[20.835,43.185],[20.854,43.189],[20.843,43.206],[20.889,43.204],[20.851,43.251],[20.824,43.269],[20.805,43.268],[20.795,43.258],[20.795,43.246],[20.729,43.249],[20.687,43.213],[20.616,43.205],[20.601,43.211],[20.591,43.205],[20.611,43.172],[20.649,43.161],[20.659,43.138],[20.688,43.122],[20.687,43.083],[20.656,43.074],[20.672,43.062],[20.64,43.007],[20.618,43.002],[20.614,43.017],[20.58,43.011],[20.547,42.96],[20.534,42.973],[20.515,42.971],[20.484,42.932],[20.539,42.883],[20.484,42.868],[20.438,42.833],[20.416,42.846],[20.318,42.829],[20.315,42.836],[20.298,42.836],[20.294,42.826],[20.252,42.811],[20.262,42.804],[20.266,42.779],[20.25,42.759],[20.213,42.746],[20.191,42.746],[20.156,42.769],[20.147,42.756],[20.111,42.763],[20.097,42.777],[20.059,42.779],[20.023,42.764],[20.014,42.728],[20.032,42.72],[20.016,42.71],[20.033,42.712],[20.033,42.698],[20.054,42.685],[20.084,42.68],[20.113,42.655],[20.078,42.622],[20.073,42.608],[20.089,42.578],[20.082,42.553],[20.0,42.51],[19.92,42.51],[19.904,42.484],[19.809,42.467],[19.755,42.536],[19.781,42.588],[19.739,42.655],[19.63,42.591],[19.628,42.543],[19.568,42.507],[19.489,42.397],[19.433,42.371],[19.419,42.318],[19.287,42.175],[19.403,42.099],[19.384,41.96],[19.354,41.949],[19.382,41.848],[18.867,41.133],[18.317,41.417],[18.531,42.391],[18.52,42.438],[18.422,42.494],[18.439,42.551],[18.559,42.584],[18.517,42.623],[18.553,42.663],[18.548,42.717],[18.472,42.757],[18.456,42.809],[18.488,42.892],[18.479,42.96],[18.537,43.031],[18.668,43.033],[18.649,43.138],[18.712,43.221],[18.686,43.251],[18.849,43.324],[18.841,43.349],[18.913,43.361],[18.96,43.329],[18.955,43.29],[19.018,43.256],[19.042,43.298],[19.092,43.311],[19.013,43.445],[18.958,43.455],[18.954,43.493],[18.916,43.514],[18.996,43.553],[19.037,43.518],[19.124,43.542],[19.212,43.534],[19.244,43.589],[19.333,43.613],[19.365,43.615],[19.402,43.545],[19.427,43.578],[19.482,43.569],[19.507,43.587],[19.489,43.633],[19.526,43.66],[19.512,43.716],[19.252,43.952],[19.234,44.014],[19.384,43.964],[19.526,43.957],[19.622,44.022],[19.599,44.07],[19.578,44.046],[19.468,44.124],[19.481,44.147],[19.435,44.137],[19.361,44.183],[19.322,44.274],[19.237,44.262],[19.211,44.292],[19.167,44.285],[19.101,44.374],[19.145,44.419],[19.124,44.524],[19.169,44.528],[19.181,44.574]]]}},{"type":"Feature","properties":{"id":"LYBA-N","name":"Beograd North","prefixes":["LYBA_N","LYBA_UN"],"label":[20.184282,45.173123]},"geometry":{"type":"Polygon","coordinates":[[[19.29,44.69],[19.338,44.741],[19.368,44.886],[19.255,44.914],[19.214,44.9],[19.177,44.925],[19.066,44.866],[18.979,44.854],[18.991,44.904],[19.076,44.906],[19.154,44.954],[19.141,44.985],[19.084,44.98],[19.109,45.087],[19.081,45.142],[19.143,45.129],[19.189,45.178],[19.173,45.2],[19.277,45.178],[19.317,45.202],[19.374,45.167],[19.443,45.183],[19.413,45.235],[19.267,45.243],[19.264,45.279],[19.162,45.274],[19.083,45.338],[18.978,45.372],[18.978,45.396],[19.028,45.412],[18.993,45.453],[19.0,45.493],[19.084,45.49],[19.101,45.512],[19.014,45.553],[18.938,45.539],[18.933,45.567],[18.9,45.572],[18.913,45.618],[18.947,45.621],[18.971,45.658],[18.914,45.706],[18.971,45.697],[18.977,45.715],[18.901,45.72],[18.981,45.748],[18.854,45.77],[18.914,45.777],[18.927,45.804],[18.906,45.826],[18.848,45.813],[18.859,45.864],[18.9,45.87],[18.874,45.895],[18.898,45.924],[19.076,45.96],[19.138,46.024],[19.184,45.985],[19.306,45.982],[19.292,46.01],[19.443,46.05],[19.526,46.11],[19.514,46.147],[19.575,46.172],[19.717,46.179],[19.817,46.126],[20.0,46.174],[20.053,46.137],[20.111,46.171],[20.15,46.14],[20.192,46.154],[20.271,46.126],[20.379,45.977],[20.474,45.958],[20.521,45.911],[20.586,45.904],[20.703,45.75],[20.818,45.767],[20.81,45.649],[20.775,45.596],[20.833,45.521],[20.792,45.478],[20.863,45.465],[20.884,45.419],[21.062,45.311],[21.12,45.29],[21.178,45.319],[21.22,45.248],[21.274,45.224],[21.421,45.219],[21.53,45.151],[21.446,45.029],[21.399,45.028],[21.377,45.0],[21.437,44.951],[21.549,44.924],[21.561,44.884],[21.497,44.858],[21.379,44.857],[21.361,44.827],[21.41,44.776],[21.58,44.757],[21.641,44.663],[20.577,44.127],[19.29,44.69]]]}},{"type":"Feature","properties":{"id":"LZBB","name":"Bratislava","prefixes":["LZBB"],"label":[19.708333,48.666667]},"geometry":{"type":"Polygon","coordinates":[[[16.95,48.617],[17.058,48.776],[17.183,48.867],[17.405,48.829],[17.467,48.85],[17.533,48.817],[17.676,48.858],[17.783,48.917],[17.883,48.933],[17.933,49.017],[18.067,49.05],[18.15,49.233],[18.2,49.3],[18.28,49.304],[18.367,49.333],[18.433,49.367],[18.417,49.4],[18.45,49.4],[18.533,49.467],[18.55,49.5],[18.583,49.517],[18.6,49.5],[18.667,49.517],[18.75,49.483],[18.8,49.533],[18.85,49.517],[18.983,49.5],[18.983,49.4],[19.2,49.417],[19.267,49.533],[19.367,49.533],[19.411,49.581],[19.45,49.6],[19.556,49.508],[19.617,49.433],[19.667,49.417],[19.65,49.4],[19.733,49.383],[19.783,49.4],[19.817,49.283],[19.759,49.216],[19.833,49.183],[19.917,49.233],[20.0,49.222],[20.067,49.183],[20.133,49.3],[20.217,49.35],[20.317,49.35],[20.317,49.4],[20.4,49.383],[20.467,49.417],[20.6,49.383],[20.65,49.409],[20.733,49.417],[20.833,49.333],[20.933,49.3],[21.1,49.367],[21.067,49.425],[21.133,49.433],[21.2,49.4],[21.283,49.45],[21.483,49.417],[21.633,49.45],[21.783,49.35],[21.833,49.383],[21.967,49.35],[22.033,49.217],[22.283,49.15],[22.383,49.15],[22.433,49.1],[22.583,49.1],[22.55,49.067],[22.554,49.042],[22.542,49.008],[22.483,48.992],[22.425,48.938],[22.421,48.889],[22.383,48.867],[22.387,48.808],[22.35,48.767],[22.379,48.732],[22.358,48.7],[22.288,48.675],[22.167,48.579],[22.158,48.41],[22.126,48.379],[22.08,48.39],[21.854,48.365],[21.833,48.342],[21.733,48.354],[21.682,48.4],[21.614,48.509],[21.567,48.508],[21.442,48.589],[21.425,48.562],[21.325,48.56],[21.308,48.525],[21.217,48.539],[21.113,48.492],[21.104,48.517],[21.033,48.531],[20.967,48.521],[20.933,48.558],[20.875,48.554],[20.842,48.583],[20.5,48.538],[20.51,48.515],[20.333,48.283],[20.286,48.267],[20.25,48.289],[19.933,48.133],[19.65,48.242],[19.533,48.208],[19.496,48.1],[19.399,48.084],[19.117,48.067],[18.983,48.075],[18.817,48.042],[18.774,47.942],[18.783,47.883],[18.875,47.817],[18.767,47.817],[18.675,47.75],[18.571,47.765],[18.367,47.733],[17.733,47.75],[17.253,48.022],[17.167,48.017],[17.083,48.033],[17.067,48.133],[16.983,48.167],[16.909,48.326],[16.833,48.383],[16.933,48.517],[16.95,48.617]]]}},{"type":"Feature","properties":{"id":"UKBV","name":"Kyiv","prefixes":["UKBB"],"label":[30.941667,50.0655]},"geometry":{"type":"Polygon","coordinates":[[[34.45,51.233],[34.217,50.828],[33.885,50.213],[33.617,49.313],[33.367,48.95],[33.323,48.495],[32.89,48.125],[32.833,47.767],[29.528,48.237],[29.279,47.889],[29.204,47.885],[29.174,47.994],[29.119,47.994],[29.056,47.944],[28.922,47.964],[28.834,48.133],[28.57,48.177],[28.51,48.153],[28.427,48.172],[28.375,48.172],[28.367,48.208],[28.342,48.247],[28.196,48.21],[28.185,48.256],[28.144,48.263],[28.051,48.325],[27.959,48.327],[27.883,48.372],[27.879,48.398],[27.828,48.422],[27.85,49.762],[27.788,50.807],[27.433,50.85],[27.75,51.383],[28.467,51.55],[29.083,51.667],[29.583,51.467],[30.133,51.483],[30.317,51.617],[30.3,51.783],[30.383,52.133],[30.8,52.25],[31.183,52.283],[31.683,52.133],[31.783,52.133],[31.793,52.115],[31.822,52.097],[31.912,52.081],[31.944,52.06],[31.974,52.021],[32.032,52.015],[32.303,52.086],[32.358,52.137],[32.352,52.218],[32.378,52.259],[32.377,52.296],[32.401,52.316],[32.591,52.303],[32.744,52.255],[32.828,52.268],[32.932,52.258],[33.096,52.337],[33.25,52.362],[33.444,52.364],[33.481,52.354],[33.741,52.356],[33.854,52.323],[33.976,52.193],[34.116,52.142],[34.11,52.113],[34.075,52.061],[34.098,51.996],[34.178,51.906],[34.227,51.891],[34.268,51.79],[34.3,51.771],[34.333,51.768],[34.37,51.791],[34.4,51.791],[34.432,51.779],[34.442,51.749],[34.431,51.724],[34.136,51.678],[34.107,51.664],[34.105,51.643],[34.123,51.623],[34.199,51.575],[34.237,51.517],[34.22,51.428],[34.222,51.392],[34.241,51.376],[34.298,51.355],[34.303,51.338],[34.284,51.3],[34.261,51.281],[34.257,51.263],[34.265,51.244],[34.278,51.229],[34.326,51.228],[34.384,51.244],[34.429,51.242],[34.45,51.233]]]}},{"type":"Feature","properties":{"id":"UKLV","name":"Lviv","prefixes":["UKLL"],"label":[24.987917,49.807958]},"geometry":{"type":"Polygon","coordinates":[[[24.967,51.883],[27.75,51.383],[27.433,50.85],[27.788,50.807],[27.85,49.762],[27.828,48.422],[27.739,48.457],[27.654,48.442],[27.589,48.495],[27.381,48.412],[27.372,48.445],[27.327,48.447],[27.286,48.374],[27.131,48.378],[27.08,48.435],[27.02,48.423],[27.041,48.378],[26.923,48.365],[26.873,48.418],[26.706,48.406],[26.633,48.249],[26.616,48.249],[26.624,48.241],[26.591,48.246],[26.574,48.22],[26.554,48.227],[26.549,48.216],[26.466,48.216],[26.452,48.206],[26.381,48.19],[26.379,48.199],[26.365,48.188],[26.349,48.195],[26.316,48.183],[26.324,48.162],[26.283,48.091],[26.233,48.049],[26.199,47.999],[26.099,47.99],[26.074,47.999],[25.966,47.974],[25.933,47.983],[25.899,47.966],[25.849,47.97],[25.783,47.941],[25.633,47.949],[25.466,47.933],[25.383,47.933],[25.233,47.899],[25.116,47.766],[24.999,47.733],[24.883,47.733],[24.883,47.756],[24.833,47.824],[24.778,47.841],[24.758,47.837],[24.683,47.866],[24.674,47.899],[24.633,47.949],[24.574,47.973],[24.516,47.96],[24.449,47.983],[24.399,47.966],[24.383,47.933],[24.366,47.924],[24.333,47.933],[24.233,47.903],[24.203,47.924],[24.116,47.924],[24.066,47.958],[23.999,47.971],[23.949,47.971],[23.866,47.941],[23.816,47.991],[23.766,47.999],[23.699,47.999],[23.666,47.991],[23.622,48.003],[23.531,48.003],[23.499,47.983],[23.343,48.027],[23.333,48.04],[23.287,48.058],[23.299,48.076],[23.278,48.087],[23.271,48.102],[23.249,48.092],[23.208,48.096],[23.183,48.12],[23.133,48.087],[23.099,48.008],[23.033,47.991],[22.933,48.024],[22.946,47.966],[22.901,47.96],[22.85,47.992],[22.892,48.042],[22.825,48.117],[22.725,48.117],[22.683,48.096],[22.604,48.104],[22.6,48.15],[22.571,48.183],[22.587,48.196],[22.542,48.217],[22.5,48.258],[22.466,48.246],[22.404,48.253],[22.392,48.242],[22.379,48.25],[22.344,48.283],[22.344,48.304],[22.317,48.333],[22.325,48.364],[22.274,48.362],[22.248,48.391],[22.279,48.413],[22.225,48.425],[22.183,48.415],[22.126,48.379],[22.158,48.41],[22.167,48.579],[22.288,48.675],[22.358,48.7],[22.379,48.732],[22.35,48.767],[22.387,48.808],[22.383,48.867],[22.421,48.889],[22.425,48.938],[22.483,48.992],[22.542,49.008],[22.554,49.042],[22.55,49.067],[22.583,49.1],[22.683,49.05],[22.833,49.017],[22.9,49.083],[22.8,49.133],[22.733,49.233],[22.8,49.3],[22.8,49.333],[22.667,49.533],[23.233,50.05],[23.583,50.283],[23.683,50.333],[23.717,50.383],[23.783,50.417],[23.917,50.417],[24.05,50.45],[24.1,50.633],[24.067,50.717],[24.033,50.717],[24.033,50.767],[23.967,50.767],[23.967,50.833],[24.083,50.833],[24.15,50.867],[23.983,50.95],[23.933,51.0],[23.917,51.067],[23.867,51.1],[23.867,51.15],[23.75,51.217],[23.733,51.267],[23.667,51.283],[23.65,51.333],[23.7,51.417],[23.65,51.45],[23.667,51.483],[23.617,51.5],[24.967,51.883]]]}},{"type":"Feature","properties":{"id":"UKOV","name":"Odesa","prefixes":["UKOO"],"label":[30.6275,46.501667]},"geometry":{"type":"Polygon","coordinates":[[[33.05,47.733],[32.883,46.767],[32.908,46.125],[32.097,45.743],[31.417,45.41],[30.15,44.767],[29.967,45.15],[29.667,45.217],[29.649,45.333],[29.566,45.399],[29.416,45.433],[29.333,45.433],[29.216,45.416],[28.966,45.316],[28.933,45.283],[28.799,45.333],[28.799,45.299],[28.766,45.283],[28.799,45.233],[28.666,45.233],[28.333,45.333],[28.283,45.416],[28.283,45.449],[28.205,45.473],[28.26,45.52],[28.305,45.546],[28.427,45.487],[28.512,45.502],[28.544,45.581],[28.483,45.659],[28.478,45.685],[28.522,45.738],[28.581,45.773],[28.709,45.781],[28.786,45.835],[28.757,45.929],[28.775,45.973],[28.978,46.004],[29.004,46.048],[28.949,46.092],[29.066,46.195],[28.953,46.256],[28.992,46.33],[28.932,46.458],[29.162,46.546],[29.236,46.557],[29.254,46.488],[29.324,46.414],[29.482,46.439],[29.567,46.412],[29.583,46.362],[29.671,46.366],[29.652,46.436],[29.748,46.468],[29.811,46.385],[29.891,46.358],[29.943,46.398],[30.092,46.381],[30.16,46.426],[30.05,46.44],[29.943,46.561],[29.971,46.759],[29.886,46.886],[29.748,46.858],[29.724,46.928],[29.625,47.044],[29.581,47.137],[29.594,47.259],[29.57,47.37],[29.482,47.309],[29.386,47.378],[29.309,47.447],[29.24,47.462],[29.215,47.615],[29.226,47.684],[29.229,47.797],[29.218,47.848],[29.279,47.889],[29.528,48.237],[33.05,47.733]]]}},{"type":"Feature","properties":{"id":"UKR","name":"Ukraine","prefixes":["UKR"],"label":[31.892367,48.060395]},"geometry":{"type":"Polygon","coordinates":[[[23.65,51.45],[23.667,51.483],[23.617,51.5],[24.967,51.883],[27.75,51.383],[28.467,51.55],[29.083,51.667],[29.583,51.467],[30.133,51.483],[30.317,51.617],[30.3,51.783],[30.383,52.133],[30.8,52.25],[31.183,52.283],[31.683,52.133],[31.783,52.133],[31.793,52.115],[31.822,52.097],[31.912,52.081],[31.944,52.06],[31.974,52.021],[32.032,52.015],[32.303,52.086],[32.358,52.137],[32.352,52.218],[32.378,52.259],[32.377,52.296],[32.401,52.316],[32.591,52.303],[32.744,52.255],[32.828,52.268],[32.932,52.258],[33.096,52.337],[33.25,52.362],[33.444,52.364],[33.481,52.354],[33.741,52.356],[33.854,52.323],[33.976,52.193],[34.116,52.142],[34.11,52.113],[34.075,52.061],[34.098,51.996],[34.178,51.906],[34.227,51.891],[34.268,51.79],[34.3,51.771],[34.333,51.768],[34.37,51.791],[34.4,51.791],[34.432,51.779],[34.442,51.749],[34.431,51.724],[34.172,51.688],[34.107,51.664],[34.105,51.643],[34.123,51.623],[34.199,51.575],[34.237,51.517],[34.22,51.428],[34.222,51.392],[34.241,51.376],[34.298,51.355],[34.303,51.338],[34.284,51.3],[34.261,51.281],[34.257,51.263],[34.278,51.229],[34.326,51.228],[34.384,51.244],[34.429,51.242],[34.45,51.233],[34.667,51.25],[34.667,51.2],[34.8,51.183],[34.967,51.233],[35.117,51.233],[35.183,51.067],[35.317,51.083],[35.417,51.033],[35.333,51.017],[35.383,50.933],[35.45,50.783],[35.467,50.767],[35.5,50.667],[35.417,50.667],[35.45,50.6],[35.4,50.6],[35.583,50.45],[35.6,50.367],[35.8,50.433],[36.033,50.45],[36.183,50.4],[36.2,50.417],[36.3,50.3],[36.433,50.333],[36.583,50.283],[36.683,50.267],[36.917,50.35],[37.167,50.35],[37.333,50.417],[37.483,50.45],[37.483,50.367],[37.65,50.3],[37.617,50.217],[38.133,49.933],[38.2,49.967],[38.183,50.083],[38.35,50.083],[38.35,50.0],[38.683,50.0],[38.717,49.983],[38.7,49.95],[39.067,49.817],[39.167,49.883],[39.383,49.733],[39.617,49.733],[39.65,49.633],[39.817,49.567],[40.15,49.617],[40.2,49.567],[40.2,49.5],[40.15,49.433],[40.143,49.382],[40.2,49.25],[39.933,49.05],[39.667,49.05],[39.8,48.833],[39.667,48.617],[39.667,48.6],[39.833,48.583],[39.933,48.367],[39.833,48.333],[39.883,48.283],[39.983,48.317],[40.0,48.233],[39.95,48.225],[39.943,48.195],[39.879,48.112],[39.879,48.087],[39.817,48.05],[39.821,47.967],[39.783,47.908],[39.783,47.871],[39.763,47.867],[39.75,47.829],[39.633,47.837],[39.533,47.829],[39.458,47.867],[39.433,47.846],[39.404,47.846],[39.376,47.878],[39.346,47.878],[39.317,47.862],[39.225,47.867],[39.214,47.85],[39.15,47.853],[39.117,47.837],[39.05,47.867],[38.9,47.867],[38.879,47.879],[38.867,47.854],[38.837,47.862],[38.829,47.812],[38.796,47.812],[38.788,47.742],[38.763,47.683],[38.667,47.7],[38.663,47.667],[38.617,47.642],[38.52,47.627],[38.454,47.638],[38.467,47.608],[38.358,47.608],[38.354,47.575],[38.317,47.567],[38.288,47.521],[38.311,47.45],[38.3,47.383],[38.283,47.383],[38.25,47.367],[38.233,47.3],[38.333,47.3],[38.333,47.25],[38.233,47.217],[38.223,47.112],[38.333,46.983],[37.5,46.783],[36.683,45.45],[36.683,45.378],[36.59,45.307],[36.595,45.245],[36.533,45.205],[36.617,44.933],[36.667,44.517],[36.267,42.733],[34.0,42.783],[32.0,42.8],[30.75,42.8],[30.4,44.25],[29.967,45.15],[29.667,45.217],[29.649,45.333],[29.566,45.399],[29.416,45.433],[29.333,45.433],[29.216,45.416],[28.966,45.316],[28.933,45.283],[28.799,45.333],[28.799,45.299],[28.766,45.283],[28.799,45.233],[28.666,45.233],[28.333,45.333],[28.283,45.416],[28.283,45.449],[28.205,45.473],[28.26,45.52],[28.305,45.546],[28.427,45.487],[28.512,45.502],[28.544,45.581],[28.483,45.659],[28.478,45.685],[28.522,45.738],[28.581,45.773],[28.709,45.781],[28.786,45.835],[28.757,45.929],[28.775,45.973],[28.978,46.004],[29.004,46.048],[28.949,46.092],[29.066,46.195],[28.953,46.256],[28.992,46.33],[28.932,46.458],[29.162,46.546],[29.236,46.557],[29.254,46.488],[29.324,46.414],[29.482,46.439],[29.567,46.412],[29.583,46.362],[29.671,46.366],[29.652,46.436],[29.748,46.468],[29.811,46.385],[29.891,46.358],[29.943,46.398],[30.092,46.381],[30.16,46.426],[30.05,46.44],[29.943,46.561],[29.971,46.759],[29.886,46.886],[29.748,46.858],[29.724,46.928],[29.625,47.044],[29.581,47.137],[29.594,47.259],[29.57,47.37],[29.482,47.309],[29.386,47.378],[29.309,47.447],[29.24,47.462],[29.215,47.615],[29.226,47.684],[29.229,47.797],[29.218,47.848],[29.279,47.889],[29.204,47.885],[29.174,47.994],[29.119,47.994],[29.056,47.944],[28.922,47.964],[28.834,48.133],[28.57,48.177],[28.51,48.153],[28.427,48.172],[28.375,48.172],[28.367,48.208],[28.342,48.247],[28.196,48.21],[28.185,48.256],[28.144,48.263],[28.051,48.325],[27.959,48.327],[27.883,48.372],[27.879,48.398],[27.828,48.422],[27.739,48.457],[27.654,48.442],[27.589,48.495],[27.381,48.412],[27.372,48.445],[27.327,48.447],[27.286,48.374],[27.131,48.378],[27.08,48.435],[27.02,48.423],[27.041,48.378],[26.923,48.365],[26.873,48.418],[26.706,48.406],[26.633,48.249],[26.616,48.249],[26.624,48.241],[26.591,48.246],[26.574,48.22],[26.554,48.227],[26.549,48.216],[26.466,48.216],[26.452,48.206],[26.381,48.19],[26.379,48.199],[26.365,48.188],[26.349,48.195],[26.316,48.183],[26.324,48.162],[26.283,48.091],[26.233,48.049],[26.199,47.999],[26.099,47.99],[26.074,47.999],[25.966,47.974],[25.933,47.983],[25.899,47.966],[25.849,47.97],[25.783,47.941],[25.633,47.949],[25.466,47.933],[25.383,47.933],[25.233,47.899],[25.116,47.766],[24.999,47.733],[24.883,47.733],[24.883,47.756],[24.833,47.824],[24.778,47.841],[24.758,47.837],[24.683,47.866],[24.674,47.899],[24.633,47.949],[24.574,47.973],[24.516,47.96],[24.449,47.983],[24.399,47.966],[24.383,47.933],[24.366,47.924],[24.333,47.933],[24.233,47.903],[24.203,47.924],[24.116,47.924],[24.066,47.958],[23.999,47.971],[23.949,47.971],[23.866,47.941],[23.816,47.991],[23.766,47.999],[23.699,47.999],[23.666,47.991],[23.622,48.003],[23.531,48.003],[23.499,47.983],[23.343,48.027],[23.333,48.04],[23.287,48.058],[23.299,48.076],[23.278,48.087],[23.271,48.102],[23.249,48.092],[23.208,48.096],[23.183,48.12],[23.133,48.087],[23.099,48.008],[23.033,47.991],[22.933,48.024],[22.946,47.966],[22.901,47.96],[22.85,47.992],[22.892,48.042],[22.825,48.117],[22.725,48.117],[22.683,48.096],[22.604,48.104],[22.6,48.15],[22.571,48.183],[22.587,48.196],[22.542,48.217],[22.5,48.258],[22.466,48.246],[22.404,48.253],[22.392,48.242],[22.379,48.25],[22.344,48.283],[22.344,48.304],[22.317,48.333],[22.325,48.364],[22.274,48.362],[22.248,48.391],[22.279,48.413],[22.225,48.425],[22.183,48.415],[22.126,48.379],[22.158,48.41],[22.167,48.579],[22.288,48.675],[22.358,48.7],[22.379,48.732],[22.35,48.767],[22.387,48.808],[22.383,48.867],[22.421,48.889],[22.425,48.938],[22.483,48.992],[22.542,49.008],[22.554,49.042],[22.55,49.067],[22.583,49.1],[22.683,49.05],[22.833,49.017],[22.9,49.083],[22.8,49.133],[22.733,49.233],[22.8,49.3],[22.8,49.333],[22.667,49.533],[23.233,50.05],[23.583,50.283],[23.683,50.333],[23.717,50.383],[23.783,50.417],[23.917,50.417],[24.05,50.45],[24.1,50.633],[24.067,50.717],[24.033,50.717],[24.033,50.767],[23.967,50.767],[23.967,50.833],[24.083,50.833],[24.15,50.867],[23.983,50.95],[23.933,51.0],[23.917,51.067],[23.867,51.1],[23.867,51.15],[23.75,51.217],[23.733,51.267],[23.667,51.283],[23.65,51.333],[23.7,51.417],[23.65,51.45]]]}},{"type":"Feature","properties":{"id":"ULLL","name":"Sankt-Peterburg ACC - Peterburg","prefixes":["ULLL"],"label":[41.8881,62.762269283868555]},"geometry":{"type":"Polygon","coordinates":[[[27.637,59.612],[25.867,59.883],[26.55,60.133],[27.293,60.2],[27.457,60.223],[27.726,60.392],[27.685,60.433],[27.747,60.451],[27.783,60.538],[27.893,60.618],[28.529,60.956],[28.656,60.952],[28.73,61.055],[28.807,61.096],[28.82,61.124],[28.958,61.152],[29.24,61.272],[29.33,61.353],[29.503,61.461],[29.496,61.492],[29.586,61.494],[29.736,61.574],[29.832,61.662],[30.042,61.768],[30.07,61.819],[30.157,61.86],[30.242,61.912],[30.738,62.229],[31.195,62.47],[31.374,62.665],[31.446,62.791],[31.589,62.908],[31.446,63.032],[31.267,63.107],[31.239,63.218],[30.781,63.406],[30.48,63.469],[29.972,63.757],[30.249,63.822],[30.323,63.921],[30.517,64.032],[30.549,64.133],[30.466,64.205],[30.511,64.221],[30.482,64.262],[30.212,64.351],[30.125,64.359],[30.047,64.401],[30.058,64.453],[29.987,64.538],[29.99,64.596],[30.15,64.639],[30.034,64.736],[30.094,64.77],[30.037,64.794],[29.741,64.791],[29.648,64.865],[29.611,64.93],[29.627,65.061],[29.735,65.093],[29.9,65.103],[29.817,65.145],[29.896,65.193],[29.881,65.21],[29.76,65.231],[29.637,65.232],[29.596,65.263],[29.735,65.343],[29.729,65.474],[29.862,65.561],[29.716,65.636],[30.004,65.696],[30.137,65.67],[30.102,65.824],[29.922,66.126],[29.704,66.272],[29.475,66.542],[29.059,66.849],[29.035,66.922],[29.038,66.954],[29.551,67.311],[29.929,67.525],[30.01,67.677],[29.659,67.804],[29.33,68.074],[28.644,68.197],[28.433,68.541],[28.703,68.732],[28.801,68.867],[28.66,68.888],[28.466,68.886],[28.423,68.914],[28.929,69.052],[29.02,69.025],[29.041,69.011],[29.057,69.015],[29.242,69.113],[29.231,69.122],[29.244,69.129],[29.24,69.139],[29.257,69.154],[29.248,69.161],[29.289,69.179],[29.293,69.207],[29.306,69.21],[29.301,69.217],[29.313,69.229],[29.312,69.238],[29.278,69.256],[29.277,69.275],[29.285,69.294],[29.297,69.299],[29.396,69.322],[29.486,69.322],[29.523,69.329],[29.538,69.317],[29.571,69.318],[29.694,69.363],[29.723,69.389],[29.787,69.398],[29.853,69.423],[29.915,69.419],[29.945,69.405],[30.032,69.423],[30.077,69.454],[30.115,69.469],[30.122,69.516],[30.171,69.533],[30.186,69.551],[30.18,69.585],[30.152,69.609],[30.137,69.643],[30.091,69.643],[30.085,69.658],[30.151,69.669],[30.224,69.653],[30.418,69.59],[30.516,69.54],[30.664,69.541],[30.816,69.529],[30.939,69.561],[30.947,69.591],[30.939,69.597],[30.949,69.602],[30.954,69.632],[30.934,69.648],[30.923,69.669],[30.946,69.674],[30.945,69.683],[30.891,69.701],[30.899,69.703],[30.874,69.715],[30.891,69.72],[30.893,69.729],[30.885,69.731],[30.89,69.737],[30.873,69.742],[30.872,69.756],[30.861,69.753],[30.867,69.758],[30.851,69.761],[30.853,69.769],[30.817,69.794],[31.133,70.0],[32.083,70.167],[32.05,71.397],[32.083,71.5],[32.05,74.0],[35.0,74.0],[35.0,81.0],[32.0,81.0],[32.0,90.0],[169.0,90.0],[114.75,78.0],[89.5,77.333],[81.833,75.333],[70.683,74.5],[70.917,73.667],[68.667,73.667],[66.304,71.519],[66.322,71.52],[65.66,70.83],[65.88,70.484],[66.184,69.964],[66.783,68.867],[68.0,68.43],[67.36,67.75],[66.64,67.307],[65.431,67.007],[64.273,66.701],[63.43,66.46],[63.207,66.343],[62.09,65.711],[60.321,64.63],[60.064,64.456],[59.711,63.171],[59.5,62.0],[58.467,61.634],[57.211,61.168],[55.7,60.717],[54.336,60.467],[53.447,60.296],[52.0,60.0],[50.0,60.0],[48.667,60.333],[47.538,60.21],[46.333,60.067],[45.498,59.517],[45.0,58.767],[42.417,58.778],[41.44,58.769],[39.56,58.733],[38.268,58.695],[35.817,58.583],[34.567,58.2],[33.767,57.871],[32.55,57.35],[31.167,56.917],[31.125,56.704],[30.951,55.603],[30.917,55.617],[30.851,55.626],[30.813,55.59],[30.769,55.589],[30.729,55.662],[30.697,55.657],[30.692,55.633],[30.675,55.634],[30.655,55.705],[30.593,55.747],[30.532,55.75],[30.489,55.807],[30.374,55.807],[30.339,55.835],[30.288,55.833],[30.281,55.866],[30.173,55.862],[30.116,55.831],[29.984,55.868],[29.894,55.861],[29.778,55.776],[29.752,55.801],[29.625,55.777],[29.509,55.702],[29.358,55.757],[29.397,55.9],[29.482,55.916],[29.443,55.958],[29.276,55.994],[29.22,55.989],[29.156,56.025],[29.089,56.031],[28.861,55.986],[28.843,55.958],[28.746,55.965],[28.64,56.074],[28.681,56.1],[28.548,56.114],[28.423,56.087],[28.401,56.111],[28.375,56.109],[28.374,56.059],[28.32,56.058],[28.276,56.094],[28.262,56.085],[28.242,56.087],[28.246,56.116],[28.159,56.145],[28.151,56.166],[28.187,56.177],[28.188,56.197],[28.205,56.209],[28.189,56.227],[28.247,56.279],[28.181,56.368],[28.176,56.386],[28.194,56.406],[28.179,56.45],[28.129,56.487],[28.133,56.511],[28.11,56.522],[28.122,56.54],[28.15,56.552],[28.142,56.572],[28.119,56.583],[28.057,56.587],[28.02,56.639],[28.017,56.661],[27.966,56.714],[27.902,56.752],[27.947,56.772],[27.977,56.82],[27.915,56.828],[27.852,56.876],[27.82,56.876],[27.691,56.84],[27.671,56.846],[27.674,56.911],[27.731,56.938],[27.741,56.981],[27.739,56.998],[27.716,57.015],[27.757,57.081],[27.731,57.089],[27.733,57.103],[27.825,57.165],[27.873,57.254],[27.86,57.294],[27.847,57.31],[27.786,57.336],[27.769,57.352],[27.7,57.371],[27.619,57.417],[27.524,57.44],[27.512,57.458],[27.557,57.482],[27.568,57.501],[27.55,57.529],[27.53,57.539],[27.418,57.528],[27.356,57.539],[27.351,57.517],[27.333,57.517],[27.328,57.576],[27.383,57.6],[27.402,57.631],[27.382,57.648],[27.388,57.665],[27.434,57.705],[27.492,57.713],[27.524,57.705],[27.542,57.726],[27.536,57.744],[27.508,57.778],[27.509,57.797],[27.56,57.83],[27.721,57.839],[27.739,57.827],[27.767,57.827],[27.797,57.833],[27.829,57.862],[27.828,57.884],[27.81,57.889],[27.813,57.903],[27.75,57.912],[27.702,57.928],[27.685,57.946],[27.686,57.963],[27.699,57.978],[27.695,57.997],[27.672,58.005],[27.635,58.001],[27.613,58.016],[27.586,58.113],[27.481,58.215],[27.495,58.303],[27.55,58.38],[27.36,58.78],[27.383,58.8],[27.468,58.843],[27.59,58.894],[27.616,58.932],[27.651,58.958],[27.726,58.985],[27.731,59.019],[27.771,59.051],[27.77,59.066],[27.801,59.125],[27.814,59.143],[27.889,59.186],[27.889,59.22],[27.916,59.254],[27.942,59.269],[28.045,59.292],[28.122,59.293],[28.18,59.311],[28.159,59.323],[28.201,59.355],[28.211,59.371],[28.207,59.388],[28.19,59.404],[28.135,59.428],[28.099,59.457],[27.637,59.612]]]}},{"type":"Feature","properties":{"id":"ULLL-R","name":"Sankt-Peterburg ACC, sector Peterburg - Peterburg","prefixes":["ULLL_R"],"label":[31.42006,60.02514]},"geometry":{"type":"Polygon","coordinates":[[[28.207,59.388],[28.099,59.457],[27.637,59.612],[25.867,59.883],[26.55,60.133],[27.293,60.2],[27.457,60.223],[27.726,60.392],[27.685,60.433],[27.747,60.451],[27.783,60.538],[27.893,60.618],[28.529,60.956],[28.656,60.952],[28.73,61.055],[28.807,61.096],[28.82,61.124],[28.958,61.152],[29.24,61.272],[29.33,61.353],[29.503,61.461],[29.496,61.492],[29.586,61.494],[29.736,61.574],[29.832,61.662],[30.042,61.768],[30.07,61.819],[30.157,61.86],[30.242,61.912],[30.738,62.229],[31.195,62.47],[31.374,62.665],[31.446,62.791],[31.589,62.908],[31.446,63.032],[31.267,63.107],[31.239,63.218],[30.781,63.406],[30.48,63.469],[29.972,63.757],[30.249,63.822],[30.323,63.921],[30.517,64.032],[30.549,64.133],[30.466,64.205],[30.511,64.221],[30.482,64.262],[30.212,64.351],[30.125,64.359],[30.047,64.401],[30.058,64.453],[29.987,64.538],[29.99,64.596],[30.15,64.639],[30.034,64.736],[30.094,64.77],[30.037,64.794],[29.741,64.791],[29.648,64.865],[29.611,64.93],[29.627,65.061],[29.735,65.093],[29.9,65.103],[29.817,65.145],[29.896,65.193],[29.881,65.21],[29.76,65.231],[29.637,65.232],[29.596,65.263],[29.735,65.343],[29.729,65.474],[29.862,65.561],[29.716,65.636],[30.004,65.696],[30.137,65.67],[30.102,65.824],[29.922,66.126],[29.704,66.272],[29.583,66.417],[35.083,66.333],[36.65,66.0],[35.167,65.067],[36.0,64.55],[36.433,63.833],[37.1,61.983],[37.283,61.333],[36.65,61.25],[35.533,61.067],[35.55,60.967],[35.483,60.833],[35.15,60.45],[35.35,59.833],[35.817,58.583],[34.567,58.2],[33.767,57.871],[32.55,57.35],[31.167,56.917],[31.125,56.704],[30.951,55.603],[30.917,55.617],[30.851,55.626],[30.813,55.59],[30.769,55.589],[30.729,55.662],[30.697,55.657],[30.692,55.633],[30.675,55.634],[30.655,55.705],[30.593,55.747],[30.532,55.75],[30.489,55.807],[30.374,55.807],[30.339,55.835],[30.288,55.833],[30.281,55.866],[30.173,55.862],[30.116,55.831],[29.984,55.868],[29.894,55.861],[29.778,55.776],[29.752,55.801],[29.625,55.777],[29.509,55.702],[29.358,55.757],[29.397,55.9],[29.482,55.916],[29.443,55.958],[29.276,55.994],[29.22,55.989],[29.156,56.025],[29.089,56.031],[28.861,55.986],[28.843,55.958],[28.746,55.965],[28.64,56.074],[28.681,56.1],[28.548,56.114],[28.423,56.087],[28.401,56.111],[28.375,56.109],[28.374,56.059],[28.32,56.058],[28.276,56.094],[28.262,56.085],[28.242,56.087],[28.246,56.116],[28.159,56.145],[28.151,56.166],[28.187,56.177],[28.188,56.197],[28.205,56.209],[28.189,56.227],[28.247,56.279],[28.181,56.368],[28.176,56.386],[28.194,56.406],[28.179,56.45],[28.129,56.487],[28.133,56.511],[28.11,56.522],[28.122,56.54],[28.15,56.552],[28.142,56.572],[28.119,56.583],[28.057,56.587],[28.02,56.639],[28.017,56.661],[27.966,56.714],[27.902,56.752],[27.947,56.772],[27.977,56.82],[27.915,56.828],[27.852,56.876],[27.82,56.876],[27.691,56.84],[27.671,56.846],[27.674,56.911],[27.731,56.938],[27.741,56.981],[27.739,56.998],[27.716,57.015],[27.757,57.081],[27.731,57.089],[27.733,57.103],[27.825,57.165],[27.873,57.254],[27.86,57.294],[27.847,57.31],[27.786,57.336],[27.769,57.352],[27.7,57.371],[27.619,57.417],[27.524,57.44],[27.512,57.458],[27.557,57.482],[27.568,57.501],[27.55,57.529],[27.53,57.539],[27.418,57.528],[27.356,57.539],[27.351,57.517],[27.333,57.517],[27.328,57.576],[27.383,57.6],[27.402,57.631],[27.382,57.648],[27.388,57.665],[27.408,57.685],[27.434,57.705],[27.492,57.713],[27.524,57.705],[27.542,57.726],[27.536,57.744],[27.508,57.778],[27.509,57.797],[27.56,57.83],[27.721,57.839],[27.739,57.827],[27.767,57.827],[27.797,57.833],[27.829,57.862],[27.828,57.884],[27.81,57.889],[27.813,57.903],[27.75,57.912],[27.702,57.928],[27.685,57.946],[27.686,57.963],[27.699,57.978],[27.695,57.997],[27.672,58.005],[27.635,58.001],[27.613,58.016],[27.586,58.113],[27.481,58.215],[27.495,58.303],[27.55,58.38],[27.36,58.78],[27.383,58.8],[27.468,58.843],[27.59,58.894],[27.616,58.932],[27.651,58.958],[27.726,58.985],[27.731,59.019],[27.771,59.051],[27.77,59.066],[27.801,59.125],[27.814,59.143],[27.889,59.186],[27.889,59.22],[27.916,59.254],[27.942,59.269],[28.045,59.292],[28.122,59.293],[28.18,59.311],[28.159,59.323],[28.201,59.355],[28.211,59.371],[28.207,59.388]]]}},{"type":"Feature","properties":{"id":"ULLL-R1","name":"Sankt-Peterburg ACC, sector R1 North - Peterburg","prefixes":["ULLL_R1"],"label":[33.07235,60.45193170603463]},"geometry":{"type":"Polygon","coordinates":[[[30.595,59.905],[30.595,61.258],[32.618,61.269],[35.533,61.067],[35.55,60.967],[35.483,60.833],[35.15,60.45],[35.35,59.833],[35.42,59.652],[31.947,59.614],[31.158,59.681],[30.595,59.905]]]}},{"type":"Feature","properties":{"id":"ULLL-R2","name":"Sankt-Peterburg ACC, sector R2 South-East - Peterburg","prefixes":["ULLL_R2"],"label":[33.06805,59.03491641539566]},"geometry":{"type":"Polygon","coordinates":[[[34.567,58.2],[33.767,57.871],[32.55,57.35],[31.071,57.763],[30.66,57.973],[30.514,58.357],[30.319,58.502],[30.663,58.896],[30.879,59.32],[31.147,59.502],[31.158,59.681],[31.947,59.614],[35.42,59.652],[35.817,58.583],[34.567,58.2]]]}},{"type":"Feature","properties":{"id":"ULLL-R3","name":"Sankt-Peterburg ACC, sector R3 South-West - Peterburg","prefixes":["ULLL_R3"],"label":[29.28975,58.86920294358953]},"geometry":{"type":"Polygon","coordinates":[[[27.609,58.039],[27.586,58.113],[27.481,58.215],[27.495,58.303],[27.55,58.38],[27.36,58.78],[27.383,58.8],[27.468,58.843],[27.59,58.894],[27.616,58.932],[27.651,58.958],[27.726,58.985],[27.731,59.019],[27.771,59.051],[27.77,59.066],[27.814,59.143],[27.889,59.186],[27.889,59.22],[27.898,59.237],[27.942,59.269],[28.045,59.292],[28.122,59.293],[28.18,59.311],[28.159,59.323],[28.212,59.364],[29.265,59.318],[30.29,59.601],[31.158,59.681],[31.147,59.502],[30.879,59.32],[30.663,58.896],[30.319,58.502],[29.829,58.513],[29.534,58.393],[29.134,58.175],[28.783,58.191],[27.609,58.039]]]}},{"type":"Feature","properties":{"id":"ULLL-R4","name":"Sankt-Peterburg ACC, sector R4 West - Peterburg","prefixes":["ULLL_R4"],"label":[28.81225,60.22937471199991]},"geometry":{"type":"Polygon","coordinates":[[[28.211,59.371],[28.207,59.388],[28.19,59.404],[28.16,59.413],[28.099,59.457],[27.637,59.612],[25.867,59.883],[26.55,60.133],[27.293,60.2],[27.457,60.223],[27.726,60.392],[27.685,60.433],[27.747,60.451],[27.783,60.538],[27.893,60.618],[28.529,60.956],[28.656,60.952],[28.73,61.055],[28.807,61.096],[28.82,61.124],[28.958,61.152],[29.24,61.272],[29.33,61.353],[29.503,61.461],[29.496,61.492],[29.586,61.494],[30.595,61.258],[30.595,59.905],[31.158,59.681],[30.29,59.601],[29.265,59.318],[28.212,59.364],[28.201,59.355],[28.211,59.371]]]}},{"type":"Feature","properties":{"id":"ULLL-R6","name":"Sankt-Peterburg ACC, sector R6 Velikiye Luki - Peterburg","prefixes":["ULLL_R6"],"label":[29.549049999999994,57.081749508143275]},"geometry":{"type":"Polygon","coordinates":[[[31.167,56.917],[31.125,56.704],[30.951,55.603],[30.917,55.617],[30.851,55.626],[30.813,55.59],[30.769,55.589],[30.729,55.662],[30.697,55.657],[30.692,55.633],[30.675,55.634],[30.655,55.705],[30.593,55.747],[30.532,55.75],[30.489,55.807],[30.374,55.807],[30.339,55.835],[30.288,55.833],[30.281,55.866],[30.173,55.862],[30.116,55.831],[29.984,55.868],[29.894,55.861],[29.778,55.776],[29.752,55.801],[29.625,55.777],[29.509,55.702],[29.358,55.757],[29.397,55.9],[29.482,55.916],[29.443,55.958],[29.276,55.994],[29.22,55.989],[29.156,56.025],[29.089,56.031],[28.861,55.986],[28.843,55.958],[28.746,55.965],[28.64,56.074],[28.681,56.1],[28.548,56.114],[28.423,56.087],[28.401,56.111],[28.375,56.109],[28.374,56.059],[28.32,56.058],[28.276,56.094],[28.262,56.085],[28.242,56.087],[28.246,56.116],[28.159,56.145],[28.151,56.166],[28.187,56.177],[28.188,56.197],[28.205,56.209],[28.189,56.227],[28.247,56.279],[28.181,56.368],[28.176,56.386],[28.194,56.406],[28.179,56.45],[28.129,56.487],[28.133,56.511],[28.11,56.522],[28.122,56.54],[28.15,56.552],[28.142,56.572],[28.119,56.583],[28.057,56.587],[28.02,56.639],[28.017,56.661],[27.966,56.714],[27.902,56.752],[27.947,56.772],[27.977,56.82],[27.915,56.828],[27.852,56.876],[27.82,56.876],[27.691,56.84],[27.671,56.846],[27.674,56.911],[27.731,56.938],[27.741,56.981],[27.739,56.998],[27.716,57.015],[27.757,57.081],[27.731,57.089],[27.733,57.103],[27.825,57.165],[27.873,57.254],[27.86,57.294],[27.847,57.31],[27.786,57.336],[27.769,57.352],[27.7,57.371],[27.619,57.417],[27.524,57.44],[27.512,57.458],[27.557,57.482],[27.568,57.501],[27.55,57.529],[27.53,57.539],[27.418,57.528],[27.356,57.539],[27.351,57.517],[27.333,57.517],[27.328,57.576],[27.383,57.6],[27.402,57.631],[27.382,57.648],[27.388,57.665],[27.434,57.705],[27.492,57.713],[27.524,57.705],[27.542,57.726],[27.536,57.744],[27.508,57.778],[27.509,57.797],[27.56,57.83],[27.721,57.839],[27.739,57.827],[27.767,57.827],[27.797,57.833],[27.829,57.862],[27.828,57.884],[27.81,57.889],[27.813,57.903],[27.75,57.912],[27.702,57.928],[27.685,57.946],[27.686,57.963],[27.699,57.978],[27.695,57.997],[27.672,58.005],[27.635,58.001],[27.613,58.016],[27.609,58.039],[28.783,58.191],[29.134,58.175],[29.534,58.393],[29.829,58.513],[30.319,58.502],[30.514,58.357],[30.66,57.973],[31.071,57.763],[32.55,57.35],[31.167,56.917]]]}},{"type":"Feature","properties":{"id":"ULLL-SW","name":"Sankt-Peterburg ACC, sector SW (R3+R4) South-West - Peterburg","prefixes":["ULLL_SW"],"label":[29.11225,59.62937471199991]},"geometry":{"type":"Polygon","coordinates":[[[28.135,59.428],[28.099,59.457],[27.637,59.612],[25.867,59.883],[26.55,60.133],[27.293,60.2],[27.457,60.223],[27.726,60.392],[27.685,60.433],[27.747,60.451],[27.783,60.538],[27.893,60.618],[28.529,60.956],[28.656,60.952],[28.73,61.055],[28.807,61.096],[28.82,61.124],[28.958,61.152],[29.24,61.272],[29.33,61.353],[29.503,61.461],[29.496,61.492],[29.586,61.494],[30.595,61.258],[30.595,59.905],[31.158,59.681],[31.147,59.502],[30.879,59.32],[30.663,58.896],[30.319,58.502],[29.829,58.513],[29.534,58.393],[29.134,58.175],[28.783,58.191],[27.609,58.039],[27.586,58.113],[27.481,58.215],[27.495,58.303],[27.55,58.38],[27.36,58.78],[27.383,58.8],[27.468,58.843],[27.59,58.894],[27.616,58.932],[27.651,58.958],[27.726,58.985],[27.731,59.019],[27.771,59.051],[27.77,59.066],[27.801,59.125],[27.814,59.143],[27.889,59.186],[27.889,59.22],[27.916,59.254],[27.942,59.269],[28.045,59.292],[28.122,59.293],[28.18,59.311],[28.159,59.323],[28.201,59.355],[28.211,59.371],[28.207,59.388],[28.19,59.404],[28.135,59.428]]]}},{"type":"Feature","properties":{"id":"UMKK","name":"Kaliningrad","prefixes":["UMKK"],"label":[20.215527,55.205682]},"geometry":{"type":"Polygon","coordinates":[[[19.642,54.458],[19.407,54.603],[18.398,55.29],[17.55,55.85],[18.019,56.095],[20.957,55.282],[21.276,55.246],[21.354,55.285],[21.389,55.291],[21.434,55.253],[21.446,55.231],[21.502,55.194],[21.522,55.189],[21.575,55.199],[21.627,55.188],[21.749,55.128],[21.822,55.12],[21.85,55.099],[21.952,55.076],[22.035,55.086],[22.037,55.062],[22.071,55.026],[22.131,55.037],[22.142,55.051],[22.232,55.064],[22.419,55.057],[22.469,55.048],[22.581,55.072],[22.612,55.02],[22.684,54.991],[22.767,54.942],[22.795,54.911],[22.846,54.903],[22.849,54.868],[22.871,54.84],[22.881,54.797],[22.852,54.774],[22.772,54.741],[22.733,54.709],[22.751,54.641],[22.698,54.603],[22.707,54.57],[22.69,54.538],[22.695,54.499],[22.757,54.402],[22.798,54.402],[22.817,54.394],[22.788,54.365],[21.467,54.317],[19.642,54.458]]]}},{"type":"Feature","properties":{"id":"UMMV","name":"Minsk","prefixes":["UMMM"],"label":[27.988804243020354,53.47870533379091]},"geometry":{"type":"Polygon","coordinates":[[[28.151,56.166],[28.159,56.145],[28.246,56.116],[28.242,56.087],[28.262,56.085],[28.276,56.094],[28.32,56.058],[28.374,56.059],[28.375,56.109],[28.401,56.111],[28.423,56.087],[28.548,56.114],[28.681,56.1],[28.64,56.074],[28.746,55.965],[28.843,55.958],[28.861,55.986],[29.089,56.031],[29.156,56.025],[29.22,55.989],[29.276,55.994],[29.443,55.958],[29.482,55.916],[29.397,55.9],[29.358,55.757],[29.509,55.702],[29.625,55.777],[29.752,55.801],[29.778,55.776],[29.894,55.861],[29.984,55.868],[30.116,55.831],[30.173,55.862],[30.281,55.866],[30.288,55.833],[30.339,55.835],[30.374,55.807],[30.489,55.807],[30.532,55.75],[30.593,55.747],[30.655,55.705],[30.675,55.634],[30.692,55.633],[30.697,55.657],[30.729,55.662],[30.769,55.589],[30.813,55.59],[30.851,55.626],[30.936,55.609],[30.967,55.517],[30.9,55.483],[30.933,55.4],[30.85,55.333],[30.833,55.283],[30.883,55.267],[31.0,55.167],[31.017,55.033],[30.917,55.033],[30.95,55.0],[30.917,54.95],[30.833,54.95],[30.75,54.8],[31.033,54.7],[30.983,54.683],[31.183,54.667],[31.25,54.633],[31.1,54.517],[31.25,54.467],[31.317,54.333],[31.333,54.25],[31.517,54.2],[31.65,54.15],[31.8,54.117],[31.883,54.05],[31.767,53.817],[32.117,53.817],[32.45,53.733],[32.5,53.7],[32.417,53.667],[32.417,53.633],[32.433,53.6],[32.617,53.467],[32.75,53.467],[32.65,53.333],[32.483,53.3],[32.35,53.183],[32.183,53.1],[32.0,53.1],[31.917,53.117],[31.833,53.117],[31.633,53.233],[31.6,53.2],[31.417,53.217],[31.383,53.1],[31.35,53.083],[31.333,53.033],[31.25,53.033],[31.383,52.95],[31.55,52.867],[31.5,52.817],[31.517,52.667],[31.667,52.567],[31.6,52.517],[31.55,52.517],[31.55,52.483],[31.583,52.483],[31.592,52.508],[31.633,52.5],[31.6,52.417],[31.633,52.417],[31.6,52.317],[31.733,52.267],[31.7,52.25],[31.7,52.217],[31.683,52.2],[31.683,52.183],[31.783,52.2],[31.793,52.115],[31.783,52.133],[31.683,52.133],[31.183,52.283],[30.8,52.25],[30.383,52.133],[30.3,51.783],[30.317,51.617],[30.133,51.483],[29.583,51.467],[29.083,51.667],[28.467,51.55],[27.75,51.383],[24.967,51.883],[23.617,51.5],[23.567,51.533],[23.55,51.6],[23.55,51.717],[23.633,51.8],[23.617,51.833],[23.65,51.95],[23.683,51.983],[23.65,52.083],[23.5,52.15],[23.483,52.183],[23.417,52.183],[23.183,52.233],[23.183,52.267],[23.167,52.283],[23.45,52.567],[23.567,52.6],[23.917,52.667],[23.933,52.933],[23.95,52.967],[23.883,53.083],[23.917,53.167],[23.867,53.2],[23.867,53.233],[23.817,53.25],[23.6,53.633],[23.6,53.75],[23.567,53.767],[23.55,53.85],[23.517,53.933],[23.618,53.909],[23.8,53.9],[23.927,53.929],[24.196,53.939],[24.289,53.903],[24.411,53.891],[24.657,53.995],[24.747,53.948],[24.803,53.971],[24.807,54.066],[25.05,54.133],[25.176,54.179],[25.32,54.252],[25.457,54.267],[25.543,54.253],[25.585,54.181],[25.572,54.155],[25.715,54.136],[25.783,54.167],[25.779,54.245],[25.717,54.283],[25.595,54.305],[25.585,54.329],[25.729,54.556],[25.771,54.786],[25.855,54.881],[26.144,54.965],[26.217,55.0],[26.241,55.045],[26.235,55.093],[26.272,55.138],[26.333,55.132],[26.451,55.101],[26.509,55.124],[26.669,55.143],[26.721,55.2],[26.856,55.265],[26.852,55.296],[26.81,55.302],[26.531,55.3],[26.459,55.319],[26.463,55.357],[26.507,55.376],[26.647,55.607],[26.631,55.681],[26.978,55.813],[27.556,55.807],[28.187,56.193],[28.187,56.177],[28.151,56.166]]]}},{"type":"Feature","properties":{"id":"UMMV-N","name":"Minsk ACC sector North","prefixes":["UMMV_N"],"label":[28.610093471003836,54.93992828249276]},"geometry":{"type":"Polygon","coordinates":[[[30.618,54.17],[30.204,53.938],[30.185,53.782],[29.391,53.818],[29.17,53.891],[28.713,53.856],[28.506,53.881],[28.021,53.884],[27.338,54.103],[26.8,54.435],[25.732,54.579],[25.771,54.786],[25.855,54.881],[26.144,54.965],[26.217,55.0],[26.241,55.045],[26.235,55.093],[26.272,55.138],[26.333,55.132],[26.451,55.101],[26.509,55.124],[26.669,55.143],[26.721,55.2],[26.856,55.265],[26.852,55.296],[26.81,55.302],[26.531,55.3],[26.459,55.319],[26.463,55.357],[26.507,55.376],[26.647,55.607],[26.631,55.681],[26.978,55.813],[27.556,55.807],[28.187,56.193],[28.187,56.177],[28.151,56.166],[28.159,56.145],[28.246,56.116],[28.242,56.087],[28.262,56.085],[28.276,56.094],[28.32,56.058],[28.374,56.059],[28.375,56.109],[28.401,56.111],[28.423,56.087],[28.548,56.114],[28.681,56.1],[28.64,56.074],[28.746,55.965],[28.843,55.958],[28.861,55.986],[29.089,56.031],[29.156,56.025],[29.22,55.989],[29.276,55.994],[29.443,55.958],[29.482,55.916],[29.397,55.9],[29.358,55.757],[29.509,55.702],[29.625,55.777],[29.752,55.801],[29.778,55.776],[29.894,55.861],[29.984,55.868],[30.116,55.831],[30.173,55.862],[30.281,55.866],[30.288,55.833],[30.339,55.835],[30.374,55.807],[30.489,55.807],[30.532,55.75],[30.593,55.747],[30.655,55.705],[30.675,55.634],[30.692,55.633],[30.697,55.657],[30.729,55.662],[30.769,55.589],[30.813,55.59],[30.851,55.626],[30.936,55.609],[30.967,55.517],[30.9,55.483],[30.933,55.4],[30.85,55.333],[30.833,55.283],[30.883,55.267],[31.0,55.167],[31.017,55.033],[30.917,55.033],[30.95,55.0],[30.917,54.95],[30.833,54.95],[30.75,54.8],[31.033,54.7],[30.983,54.683],[31.183,54.667],[31.25,54.633],[31.1,54.517],[31.25,54.467],[31.317,54.333],[31.333,54.25],[30.618,54.17]]]}},{"type":"Feature","properties":{"id":"UMMV-S","name":"Minsk ACC sector South","prefixes":["UMMV_S"],"label":[29.281695067626885,52.82188768738487]},"geometry":{"type":"Polygon","coordinates":[[[31.333,54.25],[31.517,54.2],[31.65,54.15],[31.8,54.117],[31.883,54.05],[31.767,53.817],[32.117,53.817],[32.45,53.733],[32.5,53.7],[32.417,53.667],[32.417,53.633],[32.433,53.6],[32.617,53.467],[32.75,53.467],[32.65,53.333],[32.483,53.3],[32.35,53.183],[32.183,53.1],[32.0,53.1],[31.917,53.117],[31.833,53.117],[31.633,53.233],[31.6,53.2],[31.417,53.217],[31.383,53.1],[31.35,53.083],[31.333,53.033],[31.25,53.033],[31.383,52.95],[31.55,52.867],[31.5,52.817],[31.517,52.667],[31.667,52.567],[31.6,52.517],[31.55,52.517],[31.55,52.483],[31.583,52.483],[31.592,52.508],[31.633,52.5],[31.6,52.417],[31.633,52.417],[31.6,52.317],[31.733,52.267],[31.7,52.25],[31.7,52.217],[31.683,52.2],[31.683,52.183],[31.783,52.2],[31.793,52.115],[31.783,52.133],[31.683,52.133],[31.183,52.283],[30.8,52.25],[30.383,52.133],[30.3,51.783],[30.317,51.617],[30.133,51.483],[29.583,51.467],[29.083,51.667],[28.467,51.55],[27.75,51.383],[26.667,51.579],[26.794,51.784],[26.856,52.108],[26.86,52.166],[27.238,52.69],[27.676,53.118],[27.69,53.618],[28.021,53.884],[28.506,53.881],[28.713,53.856],[29.17,53.891],[29.391,53.818],[30.185,53.782],[30.204,53.938],[30.618,54.17],[31.333,54.25]]]}},{"type":"Feature","properties":{"id":"UMMV-W","name":"Minsk ACC sector West","prefixes":["UMMV_W"],"label":[25.560622858894646,53.04385283898307]},"geometry":{"type":"Polygon","coordinates":[[[26.667,51.579],[24.967,51.883],[23.617,51.5],[23.567,51.533],[23.55,51.6],[23.55,51.717],[23.633,51.8],[23.617,51.833],[23.65,51.95],[23.683,51.983],[23.65,52.083],[23.5,52.15],[23.483,52.183],[23.417,52.183],[23.183,52.233],[23.183,52.267],[23.167,52.283],[23.45,52.567],[23.567,52.6],[23.917,52.667],[23.933,52.933],[23.95,52.967],[23.883,53.083],[23.917,53.167],[23.867,53.2],[23.867,53.233],[23.817,53.25],[23.6,53.633],[23.6,53.75],[23.567,53.767],[23.55,53.85],[23.517,53.933],[23.618,53.909],[23.8,53.9],[23.927,53.929],[24.196,53.939],[24.289,53.903],[24.411,53.891],[24.657,53.995],[24.747,53.948],[24.803,53.971],[24.807,54.066],[25.05,54.133],[25.176,54.179],[25.32,54.252],[25.457,54.267],[25.543,54.253],[25.585,54.181],[25.572,54.155],[25.715,54.136],[25.783,54.167],[25.779,54.245],[25.717,54.283],[25.595,54.305],[25.585,54.329],[25.729,54.556],[25.732,54.579],[26.8,54.435],[27.338,54.103],[28.021,53.884],[27.69,53.618],[27.676,53.118],[27.238,52.69],[26.86,52.166],[26.856,52.108],[26.794,51.784],[26.667,51.579]]]}},{"type":"Feature","properties":{"id":"UUWV","name":"Moscow","prefixes":["UUWV"],"label":[38.841667,54.074167]},"geometry":{"type":"Polygon","coordinates":[[[31.7,52.25],[31.733,52.267],[31.6,52.317],[31.633,52.417],[31.6,52.417],[31.633,52.5],[31.592,52.508],[31.583,52.483],[31.55,52.483],[31.55,52.517],[31.6,52.517],[31.667,52.567],[31.517,52.667],[31.5,52.817],[31.55,52.867],[31.383,52.95],[31.25,53.033],[31.333,53.033],[31.35,53.083],[31.383,53.1],[31.417,53.217],[31.6,53.2],[31.633,53.233],[31.833,53.117],[31.917,53.117],[32.0,53.1],[32.183,53.1],[32.35,53.183],[32.483,53.3],[32.65,53.333],[32.75,53.467],[32.617,53.467],[32.433,53.6],[32.417,53.633],[32.417,53.667],[32.5,53.7],[32.45,53.733],[32.117,53.817],[31.767,53.817],[31.883,54.05],[31.8,54.117],[31.65,54.15],[31.517,54.2],[31.333,54.25],[31.317,54.333],[31.25,54.467],[31.1,54.517],[31.25,54.633],[31.183,54.667],[30.983,54.683],[31.033,54.7],[30.75,54.8],[30.833,54.95],[30.917,54.95],[30.95,55.0],[30.917,55.033],[31.017,55.033],[31.0,55.167],[30.883,55.267],[30.833,55.283],[30.85,55.333],[30.933,55.4],[30.9,55.483],[30.967,55.517],[30.936,55.609],[30.951,55.603],[31.125,56.704],[31.167,56.917],[32.55,57.35],[33.767,57.871],[34.567,58.2],[35.817,58.583],[38.268,58.695],[39.56,58.733],[41.44,58.769],[42.417,58.778],[45.0,58.767],[46.933,58.167],[46.433,55.6],[46.583,54.817],[43.85,54.633],[42.467,53.5],[42.867,52.333],[42.583,51.533],[43.033,50.75],[40.143,49.382],[40.15,49.433],[40.2,49.5],[40.2,49.567],[40.15,49.617],[39.817,49.567],[39.65,49.633],[39.617,49.733],[39.383,49.733],[39.167,49.883],[39.067,49.817],[38.7,49.95],[38.717,49.983],[38.683,50.0],[38.35,50.0],[38.35,50.083],[38.183,50.083],[38.2,49.967],[38.133,49.933],[37.617,50.217],[37.65,50.3],[37.483,50.367],[37.483,50.45],[37.333,50.417],[37.167,50.35],[36.917,50.35],[36.683,50.267],[36.583,50.283],[36.433,50.333],[36.3,50.3],[36.2,50.417],[36.183,50.4],[36.033,50.45],[35.8,50.433],[35.6,50.367],[35.583,50.45],[35.4,50.6],[35.45,50.6],[35.417,50.667],[35.5,50.667],[35.467,50.767],[35.45,50.783],[35.383,50.933],[35.333,51.017],[35.417,51.033],[35.317,51.083],[35.183,51.067],[35.117,51.233],[34.967,51.233],[34.8,51.183],[34.667,51.2],[34.667,51.25],[34.45,51.233],[34.429,51.242],[34.384,51.244],[34.326,51.228],[34.278,51.229],[34.265,51.244],[34.257,51.263],[34.261,51.281],[34.284,51.3],[34.303,51.338],[34.298,51.355],[34.241,51.376],[34.222,51.392],[34.22,51.428],[34.237,51.517],[34.199,51.575],[34.123,51.623],[34.105,51.643],[34.107,51.664],[34.172,51.688],[34.431,51.724],[34.442,51.749],[34.432,51.779],[34.4,51.791],[34.37,51.791],[34.333,51.768],[34.3,51.771],[34.268,51.79],[34.227,51.891],[34.178,51.906],[34.098,51.996],[34.075,52.061],[34.11,52.113],[34.116,52.142],[33.976,52.193],[33.854,52.323],[33.741,52.356],[33.481,52.354],[33.444,52.364],[33.25,52.362],[33.096,52.337],[32.932,52.258],[32.828,52.268],[32.744,52.255],[32.591,52.303],[32.401,52.316],[32.377,52.296],[32.378,52.259],[32.352,52.218],[32.358,52.137],[32.303,52.086],[32.032,52.015],[31.974,52.021],[31.944,52.06],[31.912,52.081],[31.822,52.097],[31.793,52.115],[31.783,52.2],[31.683,52.183],[31.683,52.2],[31.7,52.217],[31.7,52.25]]]}},{"type":"Feature","properties":{"id":"UUWV-K1","name":"Moscow ACC sector K1 - Moscow","prefixes":["UUWV_K1"],"label":[34.183816,54.407825]},"geometry":{"type":"Polygon","coordinates":[[[35.591,55.276],[36.648,54.733],[37.017,54.662],[36.477,54.544],[35.912,53.902],[35.338,53.955],[32.417,53.667],[32.5,53.7],[32.45,53.733],[32.117,53.817],[31.767,53.817],[31.883,54.05],[31.8,54.117],[31.65,54.15],[31.517,54.2],[31.333,54.25],[31.317,54.333],[31.25,54.467],[31.1,54.517],[31.25,54.633],[34.034,54.809],[34.668,55.013],[35.591,55.276]]]}},{"type":"Feature","properties":{"id":"UUWV-K2","name":"Moscow ACC sector K2 - Moscow","prefixes":["UUWV_K2"],"label":[34.351898,53.126001]},"geometry":{"type":"Polygon","coordinates":[[[32.417,53.667],[35.338,53.955],[35.912,53.902],[35.421,53.375],[35.611,53.015],[35.508,52.698],[34.321,51.881],[34.242,51.862],[34.227,51.891],[34.178,51.906],[34.098,51.996],[34.075,52.061],[34.11,52.113],[34.116,52.142],[33.976,52.194],[33.854,52.323],[33.741,52.356],[33.481,52.354],[33.444,52.364],[33.25,52.362],[33.096,52.337],[32.932,52.258],[32.828,52.268],[32.744,52.255],[32.591,52.303],[32.401,52.316],[32.377,52.296],[32.378,52.259],[32.352,52.218],[32.358,52.137],[32.303,52.086],[32.032,52.015],[31.974,52.021],[31.944,52.06],[31.912,52.081],[31.822,52.097],[31.793,52.115],[31.783,52.2],[31.683,52.183],[31.683,52.2],[31.7,52.217],[31.7,52.25],[31.733,52.267],[31.6,52.317],[31.633,52.417],[31.6,52.417],[31.633,52.5],[31.592,52.508],[31.583,52.483],[31.55,52.483],[31.55,52.517],[31.6,52.517],[31.667,52.567],[31.517,52.667],[31.5,52.817],[31.55,52.867],[31.25,53.033],[31.333,53.033],[31.35,53.083],[31.383,53.1],[31.417,53.217],[31.6,53.2],[31.633,53.233],[31.833,53.117],[31.917,53.117],[32.0,53.1],[32.183,53.1],[32.35,53.183],[32.483,53.3],[32.65,53.333],[32.75,53.467],[32.617,53.467],[32.433,53.6],[32.417,53.633],[32.417,53.667]]]}},{"type":"Feature","properties":{"id":"UUWV-N","name":"Moscow ACC sector Combined North - Moscow","prefixes":["UUWV_N"],"label":[38.9,56.8]},"geometry":{"type":"Polygon","coordinates":[[[30.983,54.683],[31.033,54.7],[30.75,54.8],[30.833,54.95],[30.917,54.95],[30.95,55.0],[30.917,55.033],[31.017,55.033],[31.0,55.167],[30.883,55.267],[30.833,55.283],[30.85,55.333],[30.933,55.4],[30.9,55.483],[30.967,55.517],[30.936,55.609],[30.951,55.603],[31.125,56.704],[31.167,56.917],[32.55,57.35],[33.767,57.871],[34.567,58.2],[35.817,58.583],[38.268,58.695],[39.56,58.733],[41.44,58.769],[42.417,58.778],[45.0,58.767],[46.933,58.167],[46.433,55.6],[46.583,54.817],[43.85,54.633],[39.39,54.834],[35.591,55.276],[34.668,55.013],[34.034,54.809],[31.25,54.633],[31.183,54.667],[30.983,54.683]]]}},{"type":"Feature","properties":{"id":"UUWV-NW","name":"Moscow ACC sector North - Moscow","prefixes":["UUWV_NW"],"label":[36.5,57.5]},"geometry":{"type":"Polygon","coordinates":[[[36.821,56.718],[36.058,56.093],[34.499,56.319],[31.125,56.704],[31.167,56.917],[32.55,57.35],[33.767,57.871],[34.567,58.2],[35.817,58.583],[38.268,58.695],[39.152,58.722],[41.44,58.769],[42.437,58.778],[40.86,57.143],[40.324,56.996],[38.995,56.43],[37.995,57.038],[37.712,57.108],[36.821,56.718]]]}},{"type":"Feature","properties":{"id":"UUWV-S","name":"Moscow ACC sector Combined South - Moscow","prefixes":["UUWV_S"],"label":[37.6,52.74]},"geometry":{"type":"Polygon","coordinates":[[[31.793,52.115],[31.783,52.2],[31.683,52.183],[31.683,52.2],[31.7,52.217],[31.7,52.25],[31.733,52.267],[31.6,52.317],[31.633,52.417],[31.6,52.417],[31.633,52.5],[31.592,52.508],[31.583,52.483],[31.55,52.483],[31.55,52.517],[31.6,52.517],[31.667,52.567],[31.517,52.667],[31.5,52.817],[31.55,52.867],[31.383,52.95],[31.25,53.033],[31.333,53.033],[31.35,53.083],[31.383,53.1],[31.417,53.217],[31.6,53.2],[31.633,53.233],[31.833,53.117],[31.917,53.117],[32.0,53.1],[32.183,53.1],[32.35,53.183],[32.483,53.3],[32.65,53.333],[32.75,53.467],[32.617,53.467],[32.433,53.6],[32.417,53.633],[32.417,53.667],[32.5,53.7],[32.45,53.733],[32.117,53.817],[31.767,53.817],[31.883,54.05],[31.8,54.117],[31.65,54.15],[31.517,54.2],[31.333,54.25],[31.317,54.333],[31.25,54.467],[31.1,54.517],[31.25,54.633],[34.034,54.809],[34.668,55.013],[35.591,55.276],[39.39,54.834],[43.85,54.633],[42.467,53.5],[42.867,52.333],[42.583,51.533],[43.033,50.75],[40.143,49.382],[40.15,49.433],[40.2,49.5],[40.2,49.567],[40.15,49.617],[39.817,49.567],[39.65,49.633],[39.617,49.733],[39.383,49.733],[39.167,49.883],[39.067,49.817],[38.7,49.95],[38.717,49.983],[38.683,50.0],[38.35,50.0],[38.35,50.083],[38.183,50.083],[38.2,49.967],[38.133,49.933],[37.617,50.217],[37.65,50.3],[37.483,50.367],[37.483,50.45],[37.333,50.417],[37.167,50.35],[36.917,50.35],[36.683,50.267],[36.583,50.283],[36.433,50.333],[36.3,50.3],[36.2,50.417],[36.183,50.4],[36.033,50.45],[35.8,50.433],[35.6,50.367],[35.583,50.45],[35.4,50.6],[35.45,50.6],[35.417,50.667],[35.5,50.667],[35.467,50.767],[35.45,50.783],[35.383,50.933],[35.333,51.017],[35.417,51.033],[35.317,51.083],[35.183,51.067],[35.117,51.233],[34.967,51.233],[34.8,51.183],[34.667,51.2],[34.667,51.25],[34.45,51.233],[34.429,51.242],[34.384,51.244],[34.326,51.228],[34.278,51.229],[34.265,51.244],[34.257,51.263],[34.261,51.281],[34.284,51.3],[34.303,51.338],[34.298,51.355],[34.241,51.376],[34.222,51.392],[34.22,51.428],[34.237,51.517],[34.199,51.575],[34.123,51.623],[34.105,51.643],[34.107,51.664],[34.172,51.688],[34.431,51.724],[34.442,51.749],[34.432,51.779],[34.4,51.791],[34.37,51.791],[34.333,51.768],[34.3,51.771],[34.268,51.79],[34.227,51.891],[34.178,51.906],[34.098,51.996],[34.075,52.061],[34.11,52.113],[34.116,52.142],[33.976,52.193],[33.854,52.323],[33.741,52.356],[33.481,52.354],[33.444,52.364],[33.25,52.362],[33.096,52.337],[32.932,52.258],[32.828,52.268],[32.744,52.255],[32.591,52.303],[32.401,52.316],[32.377,52.296],[32.378,52.259],[32.352,52.218],[32.358,52.137],[32.303,52.086],[32.032,52.015],[31.974,52.021],[31.944,52.06],[31.912,52.081],[31.822,52.097],[31.793,52.115]]]}},{"type":"Feature","properties":{"id":"UUWV-S3","name":"Moscow ACC sector S3 - Moscow","prefixes":["UUWV_S3"],"label":[33.764386,56.88689]},"geometry":{"type":"Polygon","coordinates":[[[34.946,56.911],[35.497,56.837],[36.383,56.362],[36.058,56.093],[34.499,56.319],[31.125,56.704],[31.167,56.917],[32.55,57.35],[33.767,57.871],[34.237,57.683],[34.946,56.911]]]}},{"type":"Feature","properties":{"id":"UUWV-SW","name":"Moscow ACC sector South-West - Moscow","prefixes":["UUWV_SW"],"label":[35.5,53.0]},"geometry":{"type":"Polygon","coordinates":[[[31.793,52.115],[31.783,52.2],[31.683,52.183],[31.683,52.2],[31.7,52.217],[31.7,52.25],[31.733,52.267],[31.6,52.317],[31.633,52.417],[31.6,52.417],[31.633,52.5],[31.592,52.508],[31.583,52.483],[31.55,52.483],[31.55,52.517],[31.6,52.517],[31.667,52.567],[31.517,52.667],[31.5,52.817],[31.55,52.867],[31.383,52.95],[31.25,53.033],[31.333,53.033],[31.35,53.083],[31.383,53.1],[31.417,53.217],[31.6,53.2],[31.633,53.233],[31.833,53.117],[31.917,53.117],[32.0,53.1],[32.183,53.1],[32.35,53.183],[32.483,53.3],[32.65,53.333],[32.75,53.467],[32.617,53.467],[32.433,53.6],[32.417,53.633],[32.417,53.667],[32.5,53.7],[32.45,53.733],[32.117,53.817],[31.767,53.817],[31.883,54.05],[31.8,54.117],[31.65,54.15],[31.517,54.2],[31.333,54.25],[31.317,54.333],[31.25,54.467],[31.1,54.517],[31.25,54.633],[34.034,54.809],[34.668,55.013],[35.591,55.276],[36.648,54.733],[37.331,54.6],[37.839,54.458],[37.406,53.256],[38.268,52.153],[38.797,51.772],[38.884,51.372],[37.682,50.866],[37.43,50.754],[36.821,50.316],[36.683,50.267],[36.583,50.283],[36.433,50.333],[36.3,50.3],[36.2,50.417],[36.183,50.4],[36.033,50.45],[35.8,50.433],[35.6,50.367],[35.583,50.45],[35.4,50.6],[35.45,50.6],[35.417,50.667],[35.5,50.667],[35.467,50.767],[35.45,50.783],[35.383,50.933],[35.333,51.017],[35.417,51.033],[35.317,51.083],[35.183,51.067],[35.117,51.233],[34.967,51.233],[34.8,51.183],[34.667,51.2],[34.667,51.25],[34.45,51.233],[34.429,51.242],[34.384,51.244],[34.326,51.228],[34.278,51.229],[34.265,51.244],[34.257,51.263],[34.261,51.281],[34.284,51.3],[34.303,51.338],[34.298,51.355],[34.241,51.376],[34.222,51.392],[34.22,51.428],[34.237,51.517],[34.199,51.575],[34.123,51.623],[34.105,51.643],[34.107,51.664],[34.172,51.688],[34.431,51.724],[34.442,51.749],[34.432,51.779],[34.4,51.791],[34.37,51.791],[34.333,51.768],[34.3,51.771],[34.268,51.79],[34.227,51.891],[34.178,51.906],[34.098,51.996],[34.075,52.061],[34.11,52.113],[34.116,52.142],[33.976,52.193],[33.854,52.323],[33.741,52.356],[33.481,52.354],[33.444,52.364],[33.25,52.362],[33.096,52.337],[32.932,52.258],[32.828,52.268],[32.744,52.255],[32.591,52.303],[32.401,52.316],[32.377,52.296],[32.378,52.259],[32.352,52.218],[32.358,52.137],[32.303,52.086],[32.032,52.015],[31.974,52.021],[31.944,52.06],[31.912,52.081],[31.822,52.097],[31.793,52.115]]]}},{"type":"Feature","properties":{"id":"UUWV-W","name":"Moscow ACC sector West - Moscow","prefixes":["UUWV_W"],"label":[33.5,55.5]},"geometry":{"type":"Polygon","coordinates":[[[31.25,54.633],[31.183,54.667],[30.983,54.683],[31.033,54.7],[30.75,54.8],[30.833,54.95],[30.917,54.95],[30.95,55.0],[30.917,55.033],[31.017,55.033],[31.0,55.167],[30.883,55.267],[30.833,55.283],[30.85,55.333],[30.933,55.4],[30.9,55.483],[30.967,55.517],[30.936,55.609],[30.951,55.603],[31.125,56.704],[34.499,56.319],[36.058,56.093],[35.847,55.914],[35.539,55.753],[35.555,55.542],[35.591,55.276],[34.668,55.013],[34.034,54.809],[31.25,54.633]]]}},{"type":"Feature","properties":{"id":"UUWV-Z1","name":"Moscow ACC sector Z1 - Moscow","prefixes":["UUWV_Z1"],"label":[33.292526,55.076174]},"geometry":{"type":"Polygon","coordinates":[[[30.95,55.0],[33.766,55.453],[35.555,55.542],[35.591,55.276],[34.668,55.013],[34.034,54.809],[31.25,54.633],[31.183,54.667],[30.983,54.683],[31.033,54.7],[30.75,54.8],[30.833,54.95],[30.917,54.95],[30.95,55.0]]]}},{"type":"Feature","properties":{"id":"UUWV-Z2","name":"Moscow ACC sector Z2 - Moscow","prefixes":["UUWV_Z2"],"label":[32.835662,56.01093]},"geometry":{"type":"Polygon","coordinates":[[[31.125,56.704],[34.499,56.319],[36.058,56.093],[35.847,55.914],[35.706,55.841],[34.516,55.794],[33.375,55.645],[31.0,55.167],[30.883,55.267],[30.833,55.283],[30.85,55.333],[30.933,55.4],[30.9,55.483],[30.967,55.517],[30.936,55.609],[30.951,55.603],[31.125,56.704]]]}},{"type":"Feature","properties":{"id":"UUWV-Z3","name":"Moscow ACC sector Z3 - Moscow","prefixes":["UUWV_Z3"],"label":[33.353751,55.476319]},"geometry":{"type":"Polygon","coordinates":[[[31.0,55.167],[33.375,55.645],[34.516,55.794],[35.706,55.841],[35.539,55.753],[35.555,55.542],[33.766,55.453],[30.95,55.0],[30.917,55.033],[31.017,55.033],[31.0,55.167]]]}}]}